"code","chid","casn","chnm"
"C100005",20281,"100-00-5","1-Chloro-4-nitrobenzene"
"C100016",20961,"100-01-6","4-Nitroaniline"
"C100027",21834,"100-02-7","4-Nitrophenol"
"C10016203",30698,"10016-20-3","alpha-Cyclodextrin"
"C100210",26080,"100-21-0","Terephthalic acid"
"C10025748",41909,"10025-74-8","Dysprosium(III) chloride"
"C100378",21837,"100-37-8","N,N-Diethylethanolamine"
"C10042598",29302,"10042-59-8","2-Propyl-1-heptanol"
"C10043353",20194,"10043-35-3","Boric acid"
"C100516",20152,"100-51-6","Benzyl alcohol"
"C100549",26665,"100-54-9","3-Pyridinecarbonitrile"
"C100641",21842,"100-64-1","Cyclohexanone oxime"
"C1007289",37495,"1007-28-9","Deisopropylatrazine"
"C10081671",27721,"10081-67-1","4-(2-Phenylpropan-2-yl)-N-[4-(2-phenylpropan-2-yl)phenyl]aniline"
"C1008726",41643,"1008-72-6","Sodium 2-formylbenzenesulfonate"
"C10094345",38830,"10094-34-5","1,1-Dimethyl-2-phenylethyl butanoate"
"C100970",20692,"100-97-0","Methenamine"
"C101020",26252,"101-02-0","Triphenyl phosphite"
"C101053",20089,"101-05-3","Anilazine"
"C101100",34232,"101-10-0","Cloprop"
"C101202",26214,"101-20-2","Triclocarban"
"C101213",20764,"101-21-3","Chlorpropham"
"C101371",37754,"101-37-1","2,4,6-Tris(allyloxy)-1,3,5-triazine"
"C101428",37551,"101-42-8","Fenuron"
"C101463698",41978,"101463-69-8","Flufenoxuron"
"C101542",25895,"101-54-2","N-Phenyl-1,4-benzenediamine"
"C101553",23927,"101-55-3","p-Bromodiphenyl ether"
"C101611",20869,"101-61-1","4,4'-Methylenebis(N,N-dimethylaniline)"
"C10161338",34192,"10161-33-8","17beta-Trenbolone"
"C101779",22422,"101-77-9","4,4'-Methylenedianiline"
"C101804",21094,"101-80-4","4,4'-Oxydianiline"
"C101815",41891,"101-81-5","Diphenylmethane"
"C101837",25018,"101-83-7","Dicyclohexylamine"
"C101848",21847,"101-84-8","Diphenyl oxide"
"C101860",26684,"101-86-0","2-Benzylideneoctanal"
"C102067",25178,"102-06-7","1,3-Diphenylguanidine"
"C10222012",32361,"10222-01-2","2,2-Dibromo-3-nitrilopropionamide"
"C102272",21848,"102-27-2","N-Ethyl-3-methylaniline"
"C102409927",48166,"102409-92-7","FR073317"
"C1024573",24126,"1024-57-3","Heptachlor epoxide"
"C102603",26689,"102-60-3","N,N,N',N'-Tetrakis(2-Hydroxypropyl)ethylenediamine"
"C10265926",24177,"10265-92-6","Methamidophos"
"C102676313",20618,"102676-31-3","Fadrozole hydrochloride"
"C102716",21392,"102-71-6","Triethanolamine"
"C102761",26691,"102-76-1","Triacetin"
"C102829",26183,"102-82-9","Tributylamine"
"C103055078",34357,"103055-07-8","Lufenuron"
"C103093",26694,"103-09-3","2-Ethylhexyl acetate"
"C1031078",37541,"1031-07-8","Endosulfan sulfate"
"C103117",25297,"103-11-7","2-Ethylhexyl acrylate"
"C103231",20606,"103-23-1","Di(2-ethylhexyl) adipate"
"C103242",26697,"103-24-2","Bis(2-ethylhexyl) nonanedioate"
"C103333",20123,"103-33-3","Azobenzene"
"C103344",26698,"103-34-4","4,4'-Dithiodimorpholine"
"C103361097",32555,"103361-09-7","Flumioxazin"
"C1034011",40713,"1034-01-1","Octyl gallate"
"C103413",41663,"103-41-3","Benzyl cinnamate"
"C103651",42219,"103-65-1","Propylbenzene"
"C103695",25271,"103-69-5","N-Ethylaniline"
"C103764",21853,"103-76-4","1-Piperazineethanol"
"C103902",20006,"103-90-2","Acetaminophen"
"C104098488",34270,"104098-48-8","Imazapic"
"C104132",21856,"104-13-2","4-Butylaniline"
"C104206828",32424,"104206-82-8","Mesotrione"
"C104405",33836,"104-40-5","4-Nonylphenol"
"C104438",22508,"104-43-8","4-Dodecylphenol"
"C104450",42325,"104-45-0","4-Propylanisole"
"C104518",22472,"104-51-8","Butylbenzene"
"C10453868",22253,"10453-86-8","Resmethrin"
"C104541",41491,"104-54-1","3-Phenyl-2-propen-1-ol"
"C104610",34229,"104-61-0","gamma-Nonanolactone"
"C104665",26706,"104-66-5","1,2-Diphenoxyethane"
"C104676",34287,"104-67-6","5-Heptyldihydro-2(3H)-furanone"
"C104767",20605,"104-76-7","2-Ethyl-1-hexanol"
"C104795688",47268,"104795-68-8","CI-959"
"C105215",47611,"105-21-5","1,4-Heptanolide"
"C105373",40110,"105-37-3","Ethyl propionate"
"C10540291",34187,"10540-29-1","Tamoxifen"
"C105512069",32354,"105512-06-9","Clodinafop-propargyl mixt."
"C105533",21863,"105-53-3","Diethyl propanedioate"
"C105544",40111,"105-54-4","Ethyl butyrate"
"C105555",20466,"105-55-5","N,N'-Diethylthiourea"
"C105602",20240,"105-60-2","Caprolactam"
"C105624860",46970,"105624-86-0","5HPP-33"
"C105679",21864,"105-67-9","2,4-Dimethylphenol"
"C105873",20654,"105-87-3","Geranyl acetate"
"C105997",21866,"105-99-7","Dibutyl hexanedioate"
"C10605217",24729,"10605-21-7","Carbendazim"
"C1061517621",47337,"1061517-62-1","PharmaGSID_47337"
"C1062243519",48511,"1062243-51-9","PharmaGSID_48511"
"C106229",26726,"106-22-9","Citronellol"
"C106230",41790,"106-23-0","Citronellal"
"C106241",26727,"106-24-1","Geraniol"
"C106252",26728,"106-25-2","(2Z)-3,7-Dimethylocta-2,6-dien-1-ol"
"C106274",42059,"106-27-4","Isopentyl butyrate"
"C106309",40112,"106-30-9","Ethyl heptanoate"
"C106434",24814,"106-43-4","4-Chlorotoluene"
"C106445",21869,"106-44-5","p-Cresol"
"C106456",48188,"106-45-6","4-Thiocresol"
"C106467",20431,"106-46-7","1,4-Dichlorobenzene"
"C106478",20295,"106-47-8","4-Chloroaniline"
"C106489",21871,"106-48-9","4-Chlorophenol"
"C106490",21872,"106-49-0","4-Methylaniline"
"C106503",21138,"106-50-3","1,4-Benzenediamine"
"C106650",25152,"106-65-0","Dimethyl succinate"
"C106683",41954,"106-68-3","3-Octanone"
"C1067250",42494,"1067-25-0","Trimethoxypropylsilane"
"C1067534",27356,"1067-53-4","Tris(2-methoxyethoxy)vinylsilane"
"C106876",20604,"106-87-6","4-Vinyl-1-cyclohexene dioxide"
"C1068967963",47391,"1068967-96-3","SAR102608"
"C106934",20415,"106-93-4","1,2-Dibromoethane"
"C107071669",48512,"107071-66-9","Ro 23-7637"
"C107073",21877,"107-07-3","2-Chloroethanol"
"C107131",20029,"107-13-1","Acrylonitrile"
"C107186",20044,"107-18-6","Allyl alcohol"
"C107200",20292,"107-20-0","Chloroacetaldehyde"
"C107211",20597,"107-21-1","Ethylene glycol"
"C1072157",47487,"1072-15-7","Sulfuric acid, monononyl ester, sodium salt"
"C107302",20307,"107-30-2","Chloromethyl methyl ether"
"C107415",21885,"107-41-5","2-Methyl-2,4-pentanediol"
"C107460",26769,"107-46-0","Hexamethyldisiloxane"
"C107517",40710,"107-51-7","Octamethyltrisiloxane"
"C107534963",32113,"107534-96-3","Tebuconazole"
"C107540",41472,"107-54-0","3,5-Dimethyl-1-hexyn-3-ol"
"C1076977",38788,"1076-97-7","1,4-Cyclohexanedicarboxylic acid"
"C107755",42232,"107-75-5","7-Hydroxy-3,7-dimethyloctanal"
"C107879",21888,"107-87-9","2-Pentanone"
"C107880",26773,"107-88-0","1,3-Butanediol"
"C107926",21515,"107-92-6","Butanoic acid"
"C107982",24284,"107-98-2","1-Methoxy-2-propanol"
"C108010",20505,"108-01-0","Dimethylaminoethanol"
"C108112",26781,"108-11-2","4-Methyl-2-pentanol"
"C108214",25478,"108-21-4","Isopropyl acetate"
"C108327",26789,"108-32-7","Propylene carbonate"
"C108383",26298,"108-38-3","1,3-Dimethylbenzene"
"C108394",24200,"108-39-4","m-Cresol"
"C108419336",29848,"108419-33-6","Acetic acid, C8-10-branched alkyl esters, C9-rich"
"C108441",26792,"108-44-1","3-Methylaniline"
"C108452",21137,"108-45-2","1,3-Benzenediamine"
"C108463",21238,"108-46-3","Resorcinol"
"C1085127",22523,"1085-12-7","Heptylparaben"
"C108598",29145,"108-59-8","Dimethyl malonate"
"C108678",26797,"108-67-8","1,3,5-Trimethylbenzene"
"C108689",25148,"108-68-9","3,5-Dimethylphenol"
"C108770",26799,"108-77-0","2,4,6-Trichloro-s-triazine"
"C108805",24873,"108-80-5","Cyanuric acid"
"C108838",25080,"108-83-8","Diisobutyl ketone"
"C108918",23996,"108-91-8","Cyclohexylamine"
"C108930",21894,"108-93-0","Cyclohexanol"
"C108941",20359,"108-94-1","Cyclohexanone"
"C108952",21124,"108-95-2","Phenol"
"C108985",26811,"108-98-5","Benzenethiol"
"C108996",21897,"108-99-6","3-Methylpyridine"
"C109024",29146,"109-02-4","4-Methylmorpholine"
"C109433",41847,"109-43-3","Dibutyl decanedioate"
"C109466",42187,"109-46-6","N,N'-Dibutylthiourea"
"C109524",21655,"109-52-4","Pentanoic acid"
"C109557",25102,"109-55-7","3-(Dimethylamino)propylamine"
"C1095905",20501,"1095-90-5","Methadone hydrochloride"
"C109773",21907,"109-77-3","Propanedinitrile"
"C109864",24182,"109-86-4","2-Methoxyethanol"
"C110054",24955,"110-05-4","Di-tert-butyl peroxide"
"C110123",21914,"110-12-3","5-Methyl-2-hexanone"
"C110156",23602,"110-15-6","Butanedioic acid"
"C110167",21517,"110-16-7","Maleic acid"
"C110178",21518,"110-17-8","Fumaric acid"
"C110235477",42121,"110235-47-7","Mepanipyrim"
"C110258",42243,"110-25-8","Oleyl sarcosine"
"C110269",25595,"110-26-9","N,N'-Methylenebisacrylamide"
"C110270",26838,"110-27-0","Isopropyl tetradecanoic acid"
"C110338",26841,"110-33-8","Dihexyl hexanedioate"
"C110429",26842,"110-42-9","Methyl decanoate"
"C110430",21916,"110-43-0","2-Heptanone"
"C110441",21277,"110-44-1","Sorbic acid"
"C110488705",34545,"110488-70-5","Dimethomorph"
"C110623",21653,"110-62-3","Pentanal"
"C110634",24666,"110-63-4","1,4-Butanediol"
"C110656",21921,"110-65-6","2-Butyne-1,4-diol"
"C110690",24664,"110-69-0","Butanal oxime"
"C110736",21922,"110-73-6","2-(Ethylamino)ethanol"
"C110805",24087,"110-80-5","2-Ethoxyethanol"
"C110850",21164,"110-85-0","Piperazine"
"C110872",41426,"110-87-2","3,4-Dihydro-2H-pyran"
"C110918",25688,"110-91-8","Morpholine"
"C110974",20179,"110-97-4","Diisopropanolamine"
"C11099073",29304,"11099-07-3","Glyceryl stearates"
"C111115",26864,"111-11-5","Methyl octanoate"
"C111148",21600,"111-14-8","Heptanoic acid"
"C111159",21928,"111-15-9","2-Ethoxyethyl acetate"
"C1111780",27360,"1111-78-0","Ammonium carbamate"
"C111206",26867,"111-20-6","Decanedioic acid"
"C111217",26223,"111-21-7","Triethylene glycol diacetate"
"C1112396",42379,"1112-39-6","Dimethoxydimethylsilane"
"C111273",21931,"111-27-3","1-Hexanol"
"C111308",25355,"111-30-8","Glutaraldehyde"
"C111400",25050,"111-40-0","Diethylenetriamine"
"C111422",21932,"111-42-2","Diethanolamine"
"C111444",20168,"111-44-4","Bis(2-chloroethyl) ether"
"C111466",20462,"111-46-6","Diethylene glycol"
"C1114712",21199,"1114-71-2","Pebulate"
"C111499",26879,"111-49-9","Hexamethyleneimine"
"C111557",26880,"111-55-7","1,2-Ethanediol diacetate"
"C111626",47633,"111-62-6","Ethyl oleate"
"C111693",21936,"111-69-3","Hexanedinitrile"
"C111706",21937,"111-70-6","1-Heptanol"
"C111717",21597,"111-71-7","Heptanal"
"C111762",24097,"111-76-2","2-Butoxyethanol"
"C111773",25049,"111-77-3","Diethylene glycol monomethyl ether"
"C111812589",32550,"111812-58-9","Fenpyroximate (Z,E)"
"C111820",26889,"111-82-0","Methyl dodecanoate"
"C111842",25796,"111-84-2","Nonane"
"C1118463",29210,"1118-46-3","Butyltin trichloride"
"C111875",21940,"111-87-5","1-Octanol"
"C1118929",27364,"1118-92-9","N,N-Dimethyloctanamide"
"C111900",21941,"111-90-0","2-(2-Ethoxyethoxy)ethanol"
"C1119400",25122,"1119-40-0","Dimethyl glutarate"
"C111966",24621,"111-96-6","Bis(2-methoxyethyl) ether"
"C111988499",34961,"111988-49-9","Thiacloprid"
"C111991094",34764,"111991-09-4","Nicosulfuron"
"C1120010",42400,"1120-01-0","Sodium hexyldecyl sulfate"
"C1120043",47103,"1120-04-3","Octadecyl sulfate sodium salt"
"C112005",26900,"112-00-5","Dodecyltrimethylammonium chloride"
"C1120214",21689,"1120-21-4","Undecane"
"C1120361",27367,"1120-36-1","1-Tetradecene"
"C112050",21641,"112-05-0","Nonanoic acid"
"C1120714",21195,"1120-71-4","1,3-Propane sultone"
"C112072",26904,"112-07-2","2-Butoxyethyl acetate"
"C112129",21943,"112-12-9","2-Undecanone"
"C112141",44202,"112-14-1","Octyl acetate"
"C112185",26906,"112-18-5","N,N-Dimethyldodecan-1-amine"
"C112226616",32619,"112226-61-6","Halofenozide"
"C112254",26908,"112-25-4","2-(Hexyloxy)ethanol"
"C112276",21393,"112-27-6","Triethylene glycol"
"C112281773",34956,"112281-77-3","Tetraconazole"
"C112301",21946,"112-30-1","1-Decanol"
"C112312",21553,"112-31-2","Decanal"
"C112345",21519,"112-34-5","2-(2-Butoxyethoxy)ethanol"
"C112356",26912,"112-35-6","2-[2-(2-Methoxyethoxy)ethoxy]ethanol"
"C112389",35001,"112-38-9","10-Undecenoic acid"
"C112410238",34948,"112410-23-8","Tebufenozide"
"C112425",26915,"112-42-5","1-Undecanol"
"C112492",26224,"112-49-2","Triethylene glycol dimethyl ether"
"C112505",24368,"112-50-5","2-[2-(2-Ethoxyethoxy)ethoxy]ethanol"
"C112529154",44203,"112529-15-4","Pioglitazone hydrochloride"
"C112538",26918,"112-53-8","1-Dodecanol"
"C112550",25220,"112-55-0","1-Dodecanethiol"
"C112607",26922,"112-60-7","Tetraethylene glycol"
"C112630",20843,"112-63-0","Methyl linoleate"
"C112709",21947,"112-70-9","1-Tridecanol"
"C112721",26926,"112-72-1","1-Tetradecanol"
"C112733069",47296,"112733-06-9","Zenarestat"
"C112801",25809,"112-80-1","Oleic acid"
"C112809515",23202,"112809-51-5","Letrozole"
"C113136779",32600,"113136-77-9","Cyclanilide"
"C1134232",32356,"1134-23-2","Cycloate"
"C113484",32562,"113-48-4","MGK-264"
"C113734182",47274,"113734-18-2","CP-114271"
"C114078",22991,"114-07-8","Erythromycin"
"C114261",21948,"114-26-1","Propoxur"
"C114311329",34664,"114311-32-9","Imazamox"
"C1143380",24538,"1143-38-0","Anthralin"
"C114369436",32548,"114369-43-6","Fenbuconazole"
"C115286",20268,"115-28-6","Chlorendic acid"
"C115297",20560,"115-29-7","Endosulfan"
"C115322",20450,"115-32-2","Dicofol"
"C115399",41682,"115-39-9","Bromophenol blue"
"C1156190",21358,"1156-19-0","Tolazamide"
"C115775",26943,"115-77-5","Pentaerythritol"
"C115866",21952,"115-86-6","Triphenyl phosphate"
"C115957",26946,"115-95-7","Linalyl acetate"
"C115968",21411,"115-96-8","Tris(2-chloroethyl) phosphate"
"C116029",41815,"116-02-9","3,3,5-Trimethylcyclohexanol"
"C116063",39223,"116-06-3","Aldicarb"
"C116255482",32531,"116255-48-2","Bromuconazole"
"C116256",35152,"116-25-6","1-(Hydroxymethyl)-5,5-dimethylhydantoin"
"C1166525",48189,"1166-52-5","Dodecyl gallate"
"C116714466",34773,"116714-46-6","Novaluron"
"C117088",26102,"117-08-8","Tetrachlorophthalic anhydride"
"C117337196",32556,"117337-19-6","Fluthiacet-methyl"
"C117395",21218,"117-39-5","Quercetin"
"C117428225",47542,"117428-22-5","Picoxystrobin"
"C117718602",32488,"117718-60-2","Thiazopyr"
"C117793",20068,"117-79-3","2-Aminoanthraquinone"
"C117806",20425,"117-80-6","Dichlone"
"C117817",20607,"117-81-7","Di(2-ethylhexyl) phthalate"
"C117840",21956,"117-84-0","Dioctyl phthalate"
"C117997",47879,"117-99-7","2-Hydroxybenzophenone"
"C118134308",34212,"118134-30-8","Spiroxamine"
"C118478",41273,"118-47-8","1H-Pyrazole-3-carboxylic acid, 4,5-dihydro-5-oxo-1-(4-sulfophenyl)-"
"C118525",24985,"118-52-5","1,3-Dichloro-5,5-dimethylhydantoin"
"C118558",21957,"118-55-8","Phenyl salicylate"
"C118569",26241,"118-56-9","3,3,5-Trimethylcyclohexyl salicylate"
"C118581",24598,"118-58-1","Benzyl salicylate"
"C118718",25523,"118-71-8","Maltol"
"C118796",21959,"118-79-6","2,4,6-Tribromophenol"
"C118821",22411,"118-82-1","4,4'-Methylenebis(2,6-di-t-butylphenol)"
"C1189088",44784,"1189-08-8","1,3-Butyleneglycol dimethacrylate"
"C118934",40285,"118-93-4","2-Hydroxyacetophenone"
"C119073",47497,"119-07-3","Octyl decyl phthalate"
"C1191500",42416,"1191-50-0","Sodium myristyl sulfate"
"C119168773",34223,"119168-77-3","Tebufenpyrad"
"C1191914212",48521,"1191914-21-2","PharmaGSID_48521"
"C1192525",32518,"1192-52-5","4,5-Dichloro-3H-1,2-dithiol-3-one"
"C119368",25659,"119-36-8","Methyl salicylate"
"C119446683",32372,"119446-68-3","Difenoconazole"
"C1194656",32365,"1194-65-6","Dichlobenil"
"C119471",20870,"119-47-1","2,2'-Methylenebis(4-methyl-6-tert-butylphenol)"
"C119515387",34227,"119515-38-7","Icaridin"
"C119539",20144,"119-53-9","Benzoin"
"C119619",21961,"119-61-9","Benzophenone"
"C119642",26118,"119-64-2","Tetralin"
"C119904",25091,"119-90-4","3,3'-Dimethoxybenzidine"
"C119937",24059,"119-93-7","3,3'-Dimethylbenzidine"
"C120068373",34609,"120068-37-3","Fipronil"
"C120116883",34492,"120116-88-3","Cyazofamid"
"C120127",23878,"120-12-7","Anthracene"
"C120149",26285,"120-14-9","Veratraldehyde"
"C120183",44788,"120-18-3","Naphthalene-2-sulfonic acid"
"C120321",20154,"120-32-1","Clorophene"
"C120365",20440,"120-36-5","Dichlorprop"
"C120467",41247,"120-46-7","1,3-Diphenyl-1,3-propanedione"
"C120478",22528,"120-47-8","Ethylparaben"
"C120511731",22607,"120511-73-1","Anastrozole"
"C120514",29153,"120-51-4","Benzyl benzoate"
"C120558",26967,"120-55-8","Diethylene glycol dibenzoate"
"C120569",29611,"120-56-9","Triethylene glycol dibenzoate"
"C120616",20498,"120-61-6","Dimethyl terephthalate"
"C120650",41293,"120-65-0","2-((Dimethylamino)methyl)phenol"
"C120718",20350,"120-71-8","2-Methoxy-5-methylaniline"
"C120729",20737,"120-72-9","Indole"
"C120809",20257,"120-80-9","Catechol"
"C120821",21965,"120-82-1","1,2,4-Trichlorobenzene"
"C120832",20439,"120-83-2","2,4-Dichlorophenol"
"C120923",29154,"120-92-3","Cyclopentanone"
"C120956",26974,"120-95-6","2,4-Bis(2-methylbutan-2-yl)phenol"
"C121006",40788,"121-00-6","2-tert-Butyl-4-methoxyphenol"
"C12108133",27738,"12108-13-3","Manganese, tricarbonyl[(1,2,3,4,5-.eta.)-1-methyl-2,4-cyclopentadien-1-yl]-"
"C121142",20529,"121-14-2","2,4-Dinitrotoluene"
"C121324",21968,"121-32-4","3-Ethoxy-4-hydroxybenzaldehyde"
"C121335",21969,"121-33-5","4-Hydroxy-3-methoxybenzaldehyde"
"C121391",25886,"121-39-1","Ethyl 3-phenylglycidate"
"C1214397",32630,"1214-39-7","N-Benzyladenine"
"C121552612",32359,"121552-61-2","Cyprodinil"
"C121697",20507,"121-69-7","N,N-Dimethylaniline"
"C121755",20791,"121-75-5","Malathion"
"C121799",21201,"121-79-9","Propyl gallate"
"C121915",21485,"121-91-5","1,3-Benzenedicarboxylic acid"
"C1219381",47957,"1219-38-1","Octylparaben"
"C122008859",34503,"122008-85-9","Cyhalofop-butyl"
"C122145",32613,"122-14-5","Fenitrothion"
"C122203",21415,"122-20-3","Triisopropanolamine"
"C122349",21268,"122-34-9","Simazine"
"C122394",21975,"122-39-4","Diphenylamine"
"C122407",29157,"122-40-7","Pentylcinnamaldehyde"
"C122429",20766,"122-42-9","Propham"
"C122453730",32533,"122453-73-0","Chlorfenapyr"
"C122510",41957,"122-51-0","Ethyl orthoformate"
"C122576",25662,"122-57-6","Methyl styryl ketone"
"C122623",25055,"122-62-3","Bis(2-ethylhexyl) decanedioate"
"C122667",20710,"122-66-7","1,2-Diphenylhydrazine"
"C122781",21483,"122-78-1","Phenylacetaldehyde"
"C122836355",32645,"122836-35-5","Sulfentrazone"
"C122883",34282,"122-88-3","4-Chlorophenoxyacetic acid"
"C122996",21976,"122-99-6","2-Phenoxyethanol"
"C123002",41521,"123-00-2","4-Morpholinepropanamine"
"C123013",26994,"123-01-3","Dodecylbenzene"
"C123057",25291,"123-05-7","2-Ethylhexanal"
"C123079",21977,"123-07-9","4-Ethylphenol"
"C123115",26997,"123-11-5","4-Methoxybenzaldehyde"
"C123122554",47286,"123122-55-4","Candoxatril"
"C123171",29159,"123-17-1","2,6,8-Trimethyl-4-nonanol"
"C123251",38732,"123-25-1","Diethyl butanedioate"
"C123312890",32637,"123312-89-0","Pymetrozine"
"C123319",20716,"123-31-9","Hydroquinone"
"C123331",20792,"123-33-1","Maleic hydrazide"
"C123343168",32673,"123343-16-8","Pyrithiobac-sodium"
"C123353",25692,"123-35-3","Myrcene"
"C123422",24917,"123-42-2","Diacetone alcohol"
"C123513",25469,"123-51-3","Isopentyl alcohol"
"C123660",21980,"123-66-0","Ethyl hexanoate"
"C123773",24553,"123-77-3","Azodicarbonamide"
"C123922",25453,"123-92-2","3-Methylbutyl acetate"
"C123966",27014,"123-96-6","2-Octanol"
"C123999",21640,"123-99-9","Nonanedioic acid"
"C124049",21605,"124-04-9","Hexanedioic acid"
"C124072",21645,"124-07-2","Octanoic acid"
"C124094",24922,"124-09-4","1,6-Hexanediamine"
"C124130",21643,"124-13-0","Octanal"
"C124185",24913,"124-18-5","Decane"
"C1241947",25300,"1241-94-7","2-Ethylhexyl diphenyl phosphate"
"C124196",21639,"124-19-6","Nonanal"
"C124221",21984,"124-22-1","1-Dodecanamine"
"C12427382",20794,"12427-38-2","Maneb"
"C124378774",47258,"124378-77-4","Enadoline"
"C124403",24057,"124-40-3","Dimethylamine"
"C124495187",34881,"124495-18-7","Quinoxyfen"
"C124685",27032,"124-68-5","2-Amino-2-methylpropan-1-ol"
"C124765",42060,"124-76-5","Isoborneol"
"C124947",40742,"124-94-7","Triamcinolone"
"C125116236",34497,"125116-23-6","Metconazole"
"C125122",42061,"125-12-2","Isobornyl acetate"
"C125225287",34674,"125225-28-7","Ipconazole"
"C125401925",34383,"125401-92-5","Bispyribac-sodium"
"C125848",22589,"125-84-8","Aminoglutethimide"
"C126001",22436,"126-00-1","Diphenolic acid"
"C1260179",22817,"1260-17-9","Carminic acid"
"C126067",29162,"126-06-7","3-Bromo-1-chloro-5,5-dimethylhydantoin"
"C126114",27034,"126-11-4","2-(Hydroxymethyl)-2-nitro-1,3-propanediol"
"C126147",42423,"126-14-7","Sucrose octaacetate"
"C126307",27036,"126-30-7","2,2-Dimethylpropane-1,3-diol"
"C126727",21413,"126-72-7","Tris(2,3-dibromopropyl) phosphate"
"C126738",21986,"126-73-8","Tributyl phosphate"
"C126833178",32549,"126833-17-8","Fenhexamid"
"C126863",27041,"126-86-3","2,4,7,9-Tetramethyl-5-decyne-4,7-diol"
"C126921",26033,"126-92-1","Sodium ethasulfate"
"C126987",24176,"126-98-7","Methacrylonitrile"
"C127071",25438,"127-07-1","Hydroxyurea"
"C127195",20499,"127-19-5","N,N-Dimethylacetamide"
"C127253",48190,"127-25-3","Methyl abietate"
"C127308821",47257,"127308-82-1","Zamifenacin"
"C127399",29164,"127-39-9","Sodium 1,4-diisobutyl sulfosuccinate"
"C127413",35160,"127-41-3","alpha-Ionone"
"C127479",21240,"127-47-9","Retinol acetate"
"C127515",27047,"127-51-5","alpha-Isomethylionone"
"C128041",27050,"128-04-1","Sodium dimethyldithiocarbamate"
"C128370",20216,"128-37-0","Butylated hydroxytoluene"
"C128392",27052,"128-39-2","2,6-Di-tert-butylphenol"
"C128639021",32532,"128639-02-1","Carfentrazone-ethyl"
"C128950",41252,"128-95-0","1,4-Diaminoanthraquinone"
"C129000",24289,"129-00-0","Pyrene"
"C129066",35010,"129-06-6","Sodium warfarin"
"C129179",26065,"129-17-9","Sulfan blue"
"C129298915",41141,"129298-91-5","TNP-470"
"C129299907",48168,"129299-90-7","Fabesetron hydrochloride"
"C129453618",22369,"129453-61-8","Fulvestrant"
"C129630199",34871,"129630-19-9","Pyraflufen-ethyl"
"C1300727",26302,"1300-72-7","Sodium xylenesulfonate"
"C1300738",27377,"1300-73-8","Dimethylaniline"
"C130143",42394,"130-14-3","Sodium 1-naphthalenesulfonate"
"C1303113",23825,"1303-11-3","Indium arsenide"
"C13071799",22254,"13071-79-9","Terbufos"
"C131113",22455,"131-11-3","Dimethyl phthalate"
"C131179",20392,"131-17-9","Diallyl phthalate"
"C131180",31131,"131-18-0","Dipentyl phthalate"
"C131341861",32398,"131341-86-1","Fludioxonil"
"C131555",41306,"131-55-5","2,2',4,4'-Tetrahydroxybenzophenone"
"C131566",22406,"131-56-6","2,4-Dihydroxybenzophenone"
"C131577",22405,"131-57-7","2-Hydroxy-4-methoxybenzophenone"
"C131704",40002,"131-70-4","Monobutyl phthalate"
"C13171001",44536,"13171-00-1","1-(6-tert-Butyl-1,1-dimethyl-2,3-dihydro-1H-inden-4-yl)ethanone"
"C131807573",34588,"131807-57-3","Famoxadone"
"C131860338",32520,"131860-33-8","Azoxystrobin"
"C13194484",32611,"13194-48-4","Ethoprop"
"C131983727",32655,"131983-72-7","Triticonazole"
"C1320076",41708,"1320-07-6","C.I. Acid Orange 24, monosodium salt"
"C1321740",25216,"1321-74-0","Divinylbenzene"
"C1323199",44537,"1323-19-9","Sodium 2,4,7-tri(propan-2-yl)naphthalene-1-sulfonate"
"C1323382",42007,"1323-38-2","Glyceryl monoricinoleate"
"C13254347",41424,"13254-34-7","2,6-Dimethyl-2-heptanol"
"C132649",21993,"132-64-9","Dibenzofuran"
"C132650",47741,"132-65-0","Dibenzothiophene"
"C13292461",21244,"13292-46-1","Rifampicin"
"C13301616",44538,"13301-61-6","C.I. Disperse Orange 37"
"C133062",20243,"133-06-2","Captan"
"C133073",21385,"133-07-3","Folpet"
"C1330785",21391,"1330-78-5","Tricresyl phosphate"
"C1330865",27388,"1330-86-5","Diisooctyl adipate"
"C13311847",32004,"13311-84-7","Flutamide"
"C1333397",27390,"1333-39-7","Phenolsulfonic acid"
"C1335462",29214,"1335-46-2","Ionone, methyl-"
"C1338438",27397,"1338-43-8","Sorbitan, mono-(9Z)-9-octadecenoate"
"C133855988",40372,"133855-98-8","Epoxiconazole"
"C133904",20262,"133-90-4","Chloramben"
"C134002601",47297,"134002-60-1","CP-085958"
"C134032",20105,"134-03-2","Sodium L-ascorbate"
"C134203",25567,"134-20-3","Methyl 2-aminobenzoate"
"C134316",25436,"134-31-6","8-Hydroxyquinoline sulfate"
"C134523038",44303,"134523-03-8","Atorvastatin calcium"
"C134605644",34365,"134605-64-4","Butafenacil"
"C134623",21995,"134-62-3","DEET"
"C13463417",26314,"13463-41-7","Zinc pyrithione"
"C135080034",47304,"135080-03-4","CP-100829"
"C135158542",32519,"135158-54-2","Acibenzolar-S-methyl"
"C135193",27061,"135-19-3","2-Naphthalenol"
"C135206",20352,"135-20-6","Cupferron"
"C135410207",34300,"135410-20-7","Acetamiprid"
"C136042198",48178,"136042-19-8","FR130739"
"C136458",32544,"136-45-8","Dipropyl pyridine-2,5-dicarboxylate"
"C136607",40694,"136-60-7","Butyl benzoate"
"C13674845",26259,"13674-84-5","Tris(2-chloroisopropyl)phosphate"
"C13674878",26261,"13674-87-8","Tris(1,3-dichloro-2-propyl)phosphate"
"C136776",20699,"136-77-6","4-Hexylresorcinol"
"C13680358",48191,"13680-35-8","4,4'-Methylenebis(2,6-diethylaniline)"
"C13684565",34518,"13684-56-5","Desmedipham"
"C13684634",24255,"13684-63-4","Phenmedipham"
"C137268",21332,"137-26-8","Thiram"
"C137304",21464,"137-30-4","Ziram"
"C137428",29167,"137-42-8","Metam-sodium"
"C13755298",21477,"13755-29-8","Sodium tetrafluoroborate"
"C137666",41611,"137-66-6","Ascorbyl palmitate"
"C138227",42196,"138-22-7","Butyl lactate"
"C138261413",32442,"138261-41-3","Imidacloprid"
"C13826352",27756,"13826-35-2","3-Phenoxybenzenemethanol"
"C138472012",48167,"138472-01-2","FR900409"
"C138863",29612,"138-86-3","Limonene"
"C139026",27072,"139-02-6","Sodium phenolate"
"C139139",20939,"139-13-9","Nitrilotriacetic acid"
"C139149556",47318,"139149-55-6","SB202235"
"C139290656",47363,"139290-65-6","Volinanserin"
"C139340560",47246,"139340-56-0","Darbufelone mesylate"
"C139402",21196,"139-40-2","Propazine"
"C139877",41955,"139-87-7","Ethyl diethanolamine"
"C139888",41530,"139-88-8","7-Ethyl-2-methyl-4-undecanolsulfate, sodium salt"
"C139968",27076,"139-96-8","Dodecyl sulfate triethanolamine"
"C140089",26258,"140-08-9","Tris(2-chloroethyl) phosphite"
"C140103",22489,"140-10-3","Cinnamic acid"
"C140114",20151,"140-11-4","Benzyl acetate"
"C1401554",26076,"1401-55-4","Tannic acid"
"C140318",21997,"140-31-8","1-(2-Aminoethyl)piperazine"
"C140385",41512,"140-38-5","4-Chlorophenylurea"
"C140567",40371,"140-56-7","Fenaminosulf"
"C140647",23796,"140-64-7","Pentamidine isethionate"
"C140669",22360,"140-66-9","4-(1,1,3,3-Tetramethylbutyl)phenol"
"C140670",20575,"140-67-0","Estragole"
"C140954",25141,"140-95-4","Dimethylolurea"
"C141048",36690,"141-04-8","Diisobutyl adipate"
"C141112290",34723,"141112-29-0","Isoxaflutole"
"C141220",41567,"141-22-0","9-Octadecenoic acid, 12-hydroxy-, (9Z,12R)-"
"C141322",24676,"141-32-2","Butyl acrylate"
"C141435",22000,"141-43-5","Ethanolamine"
"C141517217",32580,"141517-21-7","Trifloxystrobin"
"C141662",23914,"141-66-2","Dicrotophos"
"C141797",29170,"141-79-7","4-Methylpent-3-en-2-one"
"C142041",20091,"142-04-1","Aniline hydrochloride"
"C142165",27094,"142-16-5","Bis(2-ethylhexyl) maleate"
"C142187",41275,"142-18-7","1-Monolaurin"
"C142314",36226,"142-31-4","Sodium octyl sulfate"
"C14233375",41250,"14233-37-5","1,4-Bis(N-isopropylamino)anthraquinone"
"C142459583",32552,"142459-58-3","Flufenacet"
"C142621",21607,"142-62-1","Hexanoic acid"
"C142870",36229,"142-87-0","Sodium decyl sulfate"
"C143077",21590,"143-07-7","Dodecanoic acid"
"C143088",22008,"143-08-8","1-Nonanol"
"C143226",21520,"143-22-6","2-[2-(2-Butoxyethoxy)ethoxy]ethanol"
"C143390890",32558,"143390-89-0","Kresoxim-methyl"
"C1434544",37262,"1434-54-4","Pregnenolone carbonitrile"
"C143500",20770,"143-50-0","Kepone"
"C14351667",42399,"14351-66-7","Sodium abietate"
"C14371109",24834,"14371-10-9","(2E)-3-Phenylprop-2-enal"
"C143748",22408,"143-74-8","Phenol red"
"C144490",41981,"144-49-0","Fluoroacetic acid"
"C144550367",34673,"144550-36-7","Iodosulfuron-methyl-sodium"
"C1445756",24051,"1445-75-6","Diisopropyl methylphosphonate"
"C144627",25816,"144-62-7","Oxalic acid"
"C145701219",34528,"145701-21-9","Diclosulam"
"C145733",24081,"145-73-3","Endothal"
"C145742285",47251,"145742-28-5","CP-122721"
"C1459934",27402,"1459-93-4","Dimethyl isophthalate"
"C146011656",48171,"146011-65-6","FR145237"
"C1461229",27403,"1461-22-9","Tributyltin chloride"
"C1461252",22153,"1461-25-2","Tetrabutyltin"
"C147240",20537,"147-24-0","Diphenhydramine hydrochloride"
"C14765301",41818,"14765-30-1","2-sec-Butylcyclohexanone"
"C1477550",29649,"1477-55-0","1,3-Benzenedimethanamine"
"C147819",41610,"147-81-9","Arabinose"
"C1478611",37717,"1478-61-1","Bisphenol AF"
"C14816183",34324,"14816-18-3","Phoxim"
"C148243",20730,"148-24-3","8-Hydroxyquinoline"
"C148477718",34928,"148477-71-8","Spirodiclofen"
"C148798",21337,"148-79-8","Thiabendazole"
"C1490046",29650,"1490-04-6","Menthol"
"C14901076",25451,"14901-07-6","4-(2,6,6-Trimethyl-cyclohex-1-enyl)-but-3-en-2-one"
"C149062759",47259,"149062-75-9","PharmaGSID_47259"
"C149304",20807,"149-30-4","2-Mercaptobenzothiazole"
"C149413741",48170,"149413-74-1","FR150011"
"C149575",25293,"149-57-5","2-Ethylhexanoic acid"
"C149877418",32525,"149877-41-8","Bifenazate"
"C149979419",34252,"149979-41-9","Tepraloxydim"
"C150130",24466,"150-13-0","4-Aminobenzoic acid"
"C15046750",44553,"15046-75-0","Sodium 2-methylbenzenesulfonate"
"C150685",20311,"150-68-5","Monuron"
"C150765",20828,"150-76-5","4-Methoxyphenol"
"C150787",22014,"150-78-7","Hydroquinone dimethyl ether"
"C151053",41877,"151-05-3","Dimethylbenzylcarbinyl acetate"
"C151213",26031,"151-21-3","Sodium dodecyl sulfate"
"C151506444",48175,"151506-44-4","FR140423"
"C15214898",27770,"15214-89-8","2-Acrylamido-2-methyl-1-propanesulfonic acid"
"C15299997",24211,"15299-99-7","Napropamide"
"C15307796",37208,"15307-79-6","Diclofenac sodium"
"C15310017",41623,"15310-01-7","Benodanil"
"C153233911",34586,"153233-91-1","Etoxazole"
"C153719234",34962,"153719-23-4","Thiamethoxam"
"C1541817",42171,"1541-81-7","4-Dodecylmorpholine"
"C154427",23652,"154-42-7","6-Thioguanine"
"C15499271",48192,"15499-27-1","4-Butylchlorobenzene"
"C155569918",34566,"155569-91-8","Emamectin benzoate"
"C1559348",27412,"1559-34-8","3,6,9,12-Tetraoxahexadecan-1-ol"
"C1559359",41920,"1559-35-9","2-(2-Ethylhexyloxy)ethanol"
"C155990208",47347,"155990-20-8","SR271425"
"C156052685",32581,"156052-68-5","Zoxamide"
"C156105",21031,"156-10-5","4-Nitrosodiphenylamine"
"C15619484",44593,"15619-48-4","1-Benzylquinolinium chloride"
"C1563388",27414,"1563-38-8","2,3-Dihydro-2,2-dimethyl-7-benzofuranol"
"C1563662",20249,"1563-66-2","Carbofuran"
"C156434",25864,"156-43-4","4-Ethoxyaniline"
"C156605",24031,"156-60-5","(E)-1,2-Dichloroethylene"
"C1569013",29217,"1569-01-3","1-Propoxy-2-propanol"
"C1569024",41267,"1569-02-4","1-Ethoxy-2-propanol"
"C1570645",22510,"1570-64-5","4-Chloro-2-methylphenol"
"C15708415",27774,"15708-41-5","Ethylenediaminetetraacetic acid ferric sodium salt"
"C158081993",47308,"158081-99-3","CP-105696"
"C1582098",21395,"1582-09-8","Trifluralin"
"C159138815",47344,"159138-81-5","Cariporide mesylate"
"C1596845",20370,"1596-84-5","Daminozide"
"C15972608",22265,"15972-60-8","Alachlor"
"C16079882",32591,"16079-88-2","Bromo-3-chloro-5,5-dimethylhydantoin"
"C1610180",22341,"1610-18-0","Prometon"
"C161050584",32628,"161050-58-4","Methoxyfenozide"
"C161326347",34590,"161326-34-7","Fenamidone"
"C16219753",25306,"16219-75-3","5-Ethylidene-2-norbornene"
"C1625918",48193,"1625-91-8","4,4'-Di-tert-butylbiphenyl"
"C162706141",47309,"162706-14-1","UK-156819"
"C1632731",41970,"1632-73-1","Fenchol"
"C1634782",20790,"1634-78-2","Malaoxon"
"C163520330",40360,"163520-33-0","Isoxadifen-ethyl"
"C1638228",47425,"1638-22-8","4-Butylphenol"
"C16423680",21233,"16423-68-0","FD&C Red 3"
"C1646759",24431,"1646-75-9","Aldicarb oxime"
"C1646873",33161,"1646-87-3","Aldicarb sulfoxide"
"C1646884",23862,"1646-88-4","Aldoxycarb"
"C165252700",34549,"165252-70-0","Dinotefuran"
"C16587716",47127,"16587-71-6","4-(tert-Pentyl)-cyclohexanone"
"C166412788",47395,"166412-78-8","Diisononyl cyclohexane-1,2-dicarboxylate"
"C16672870",24085,"16672-87-0","Ethephon"
"C1671756",48194,"1671-75-6","Heptanophenone"
"C16752775",22267,"16752-77-5","Methomyl"
"C1675543",24624,"1675-54-3","Bisphenol A diglycidyl ether"
"C16893859",36933,"16893-85-9","Sodium hexafluorosilicate"
"C1689845",22162,"1689-84-5","Bromoxynil"
"C169590425",22777,"169590-42-5","Celecoxib"
"C1698608",34872,"1698-60-8","Chloridazon"
"C1702176",29221,"1702-17-6","Clopyralid"
"C171866312",47264,"171866-31-2","CP-283097"
"C1724396",27429,"1724-39-6","Cyclododecanol"
"C173584446",32690,"173584-44-6","Indoxacarb"
"C17372871",25234,"17372-87-1","Eosin"
"C174185161",48174,"174185-16-1","FR167356"
"C1742149",29223,"1742-14-9","1,1-Bis(3,4-dimethylphenyl)ethane"
"C17465860",47033,"17465-86-0","gamma-Cyclodextrin"
"C175013180",32638,"175013-18-0","Pyraclostrobin"
"C1760243",27433,"1760-24-3","N-[3-(Trimethoxysilyl)propyl]ethane-1,2-diamine"
"C1762954",29653,"1762-95-4","Thiocyanic acid, ammonium salt"
"C1763231",31864,"1763-23-1","PFOS"
"C17696627",47882,"17696-62-7","Phenylparaben"
"C177785476",47261,"177785-47-6","PharmaGSID_47261"
"C17796826",27793,"17796-82-6","N-(Cyclohexylthio)phthalimide"
"C17804352",23900,"17804-35-2","Benomyl"
"C17924924",21460,"17924-92-4","Zearalenone"
"C179465715",47303,"179465-71-5","CJ-013790"
"C180084019",47320,"180084-01-9","SB236057A"
"C1806264",22312,"1806-26-4","4-Octylphenol"
"C181274157",34864,"181274-15-7","Propoxycarbazone-sodium"
"C181274179",34614,"181274-17-9","Flucarbazone-sodium"
"C181640095",47339,"181640-09-5","SR144190"
"C18172673",41184,"18172-67-3","(-)-beta-Pinene"
"C1825214",21103,"1825-21-4","Pentachloroanisole"
"C1836755",20970,"1836-75-5","Nitrofen"
"C1843056",27441,"1843-05-6","Octabenzone"
"C184653847",47319,"184653-84-7","Carabersat"
"C1861321",24000,"1861-32-1","Chlorthal-dimethyl"
"C1861401",23899,"1861-40-1","Benfluralin"
"C186392654",47252,"186392-65-4","Ingliforib"
"C1873887",38795,"1873-88-7","1,1,1,3,5,5,5-Heptamethyltrisiloxane"
"C188425856",34392,"188425-85-6","Boscalid"
"C188489078",34618,"188489-07-8","Flufenpyr-ethyl"
"C189003927",47355,"189003-92-7","Trelanserin"
"C18924668",44865,"18924-66-8","2,2'-(Tetradecylimino)diethanol"
"C1897456",20319,"1897-45-6","Chlorothalonil"
"C18979550",48195,"18979-55-0","4-(Hexyloxy)phenol"
"C19044883",24238,"19044-88-3","Oryzalin"
"C1907659",42198,"1907-65-9","N-Butyl-p-toluenesulfonamide"
"C1912249",20112,"1912-24-9","Atrazine"
"C1918009",24018,"1918-00-9","Dicamba"
"C1918021",21160,"1918-02-1","Picloram"
"C1918167",24274,"1918-16-7","Propachlor"
"C1929733",32309,"1929-73-3","2,4-D-Butotyl"
"C1929777",24376,"1929-77-7","Vernolate"
"C1929824",24216,"1929-82-4","Nitrapyrin"
"C1934210",21455,"1934-21-0","FD&C Yellow 5"
"C1936158",21082,"1936-15-8","C.I. Acid Orange 10"
"C194098254",47276,"194098-25-4","CP-409092"
"C1948330",20220,"1948-33-0","tert-Butylhydroquinone"
"C19666309",24239,"19666-30-9","Oxadiazon"
"C196808454",47310,"196808-45-4","Farglitazar"
"C197077557",47287,"197077-55-7","UK-333747"
"C19774824",37185,"19774-82-4","Amiodarone hydrochloride"
"C19780111",25217,"19780-11-1","(2-Dodecenyl)succinic anhydride"
"C1987504",37714,"1987-50-4","4-Heptylphenol"
"C199119589",40222,"199119-58-9","Trifloxysulfuron-sodium"
"C199171885",47253,"199171-88-5","CP-401387"
"C199584388",48187,"199584-38-8","1-Methoxy-4-tert-pentylcyclohexane"
"C2008415",23936,"2008-41-5","Butylate"
"C200940234",47322,"200940-23-4","SB243213A"
"C2016571",22171,"2016-57-1","1-Decanamine"
"C20265978",20093,"20265-97-8","4-Methoxyaniline hydrochloride"
"C2031676",42490,"2031-67-6","Triethoxymethylsilane"
"C20325400",20485,"20325-40-0","3,3'-Dimethoxybenzidine dihydrochloride"
"C203942498",47288,"203942-49-8","UK-337312"
"C2043574",47565,"2043-57-4","1H,1H,2H,2H-Perfluorooctyl iodide"
"C2044646",27454,"2044-64-6","N,N-Dimethylacetoacetamide"
"C2058460",21097,"2058-46-0","Oxytetracycline hydrochloride"
"C2058948",47553,"2058-94-8","Perfluoroundecanoic acid"
"C205992",23907,"205-99-2","Benzo(b)fluoranthene"
"C206440",24104,"206-44-0","Fluoranthene"
"C207736058",47262,"207736-05-8","CI-1029"
"C20780487",41487,"20780-48-7","3,7-Dimethyloctan-3-yl acetate"
"C2078548",23523,"2078-54-8","Propofol"
"C20830755",22934,"20830-75-5","Digoxin"
"C208968",23845,"208-96-8","Acenaphthylene"
"C2104645",22174,"2104-64-5","EPN"
"C210631688",34722,"210631-68-8","Topramezone"
"C210826407",47301,"210826-40-7","CP-456773"
"C21087649",24204,"21087-64-9","Metribuzin"
"C210880925",34465,"210880-92-5","Clothianidin"
"C2110181",42356,"2110-18-1","2-(3-Phenylpropyl)pyridine"
"C21145777",41544,"21145-77-7","6-Acetyl-1,1,2,4,4,7-hexamethyltetralin"
"C2122705",34583,"2122-70-5","Ethyl 1-naphthaleneacetate"
"C21245023",29320,"21245-02-3","2-Ethylhexyl 4-(dimethylamino)benzoate"
"C2144538",47558,"2144-53-8","Tridecafluorohexylethyl methacrylate"
"C214535770",47278,"214535-77-0","CP-457677"
"C215297271",47289,"215297-27-1","UK-343664"
"C2155706",35204,"2155-70-6","Tributyltin methacrylate"
"C21564170",32647,"21564-17-0","2-(Thiocyanomethylthio)benzothiazole"
"C2164172",20628,"2164-17-2","Fluometuron"
"C21662099",41514,"21662-09-9","(4Z)-4-Decenal"
"C21725462",23990,"21725-46-2","Cyanazine"
"C2176627",22179,"2176-62-7","Pentachloropyridine"
"C219714962",34803,"219714-96-2","Penoxsulam"
"C219790724",47324,"219790-72-4","SB281832"
"C22047490",47178,"22047-49-0","2-Ethylhexyl octadecanoate"
"C220860504",47254,"220860-50-4","CP-457920"
"C221246124",47249,"221246-12-4","Fandosentan potassium salt"
"C2212671",24206,"2212-67-1","Molinate"
"C221671621",47369,"221671-62-1","SR146131"
"C22224926",24102,"22224-92-6","Fenamiphos"
"C22248799",32648,"22248-79-9","Z-Tetrachlorvinphos"
"C22260511",20197,"22260-51-1","Bromocriptine mesylate"
"C2231574",27461,"2231-57-4","Thiocarbazide"
"C2243621",20916,"2243-62-1","1,5-Naphthalenediamine"
"C2244215",26178,"2244-21-5","Potassium dichloroisocyanurate"
"C22781233",32327,"22781-23-3","Bendiocarb"
"C22839470",20107,"22839-47-0","Aspartame"
"C22915737",47539,"22915-73-7","Hexane-1,6-diyl dibenzoate"
"C23031369",32572,"23031-36-9","Prallethrin"
"C2303175",24344,"2303-17-5","Tri-allate"
"C23089261",42094,"23089-26-1","Levomenol"
"C230954093",47266,"230954-09-3","CP-544439"
"C2310170",24259,"2310-17-0","Phosalone"
"C23103982",32569,"23103-98-2","Pirimicarb"
"C2312358",24276,"2312-35-8","Propargite"
"C23135220",21086,"23135-22-0","Oxamyl"
"C23184669",34402,"23184-66-9","Butachlor"
"C2321075",38887,"2321-07-5","Fluorescein"
"C23386529",27826,"23386-52-9","Dicyclohexyl sodium sulfosuccinate"
"C23422539",32405,"23422-53-9","Formetanate hydrochloride"
"C2353459",20673,"2353-45-9","FD&C Green No. 3"
"C23564058",24338,"23564-05-8","Thiophanate-methyl"
"C23564069",34531,"23564-06-9","Thiophanate"
"C23593751",29871,"23593-75-1","Clotrimazole"
"C23779320",44493,"23779-32-0","1-[3-(Triethoxysilyl)propyl]urea"
"C2385855",20895,"2385-85-5","Mirex"
"C2386870",27466,"2386-87-0","UT-632"
"C2390605",38888,"2390-60-5","Basic Blue 7"
"C2392394",47429,"2392-39-4","Dexamethasone sodium phosphate"
"C23950585",20420,"23950-58-5","Propyzamide"
"C2396681",48196,"2396-68-1","4-tert-Butylbenzenethiol"
"C2409554",20212,"2409-55-4","2-tert-Butyl-4-methylphenol"
"C24157811",35272,"24157-81-1","2,6-Diisopropylnaphthalene"
"C24169026",25226,"24169-02-6","Econazole nitrate"
"C2416946",22187,"2416-94-6","2,3,6-Trimethylphenol"
"C2425061",20242,"2425-06-1","Captafol"
"C2425776",41265,"2425-77-6","2-Hexyl-1-decanol"
"C2426086",24691,"2426-08-6","Butyl glycidyl ether"
"C24307264",24170,"24307-26-4","Mepiquat chloride"
"C2432873",47537,"2432-87-3","Dioctyl succinate"
"C2433149",40722,"2433-14-9","4-Cyclohexylcyclohexanol"
"C2440224",27479,"2440-22-4","2-(2H-Benzotriazol-2-yl)-4-methylphenol"
"C2445774",41440,"2445-77-4","2-Methylbutyl isovalerate"
"C2451629",26262,"2451-62-9","Triglycidyl isocyanurate"
"C24549062",27833,"24549-06-2","2-Ethyl-6-methylaniline"
"C2457014",44888,"2457-01-4","Barium bis(2-ethylhexanoate)"
"C24602866",41376,"24602-86-6","Tridemorph"
"C2465272",20114,"2465-27-2","Auramine hydrochloride"
"C2467029",22446,"2467-02-9","Bisphenol F"
"C24800440",27837,"24800-44-0","Tripropylene glycol"
"C24851987",29325,"24851-98-7","Methyl dihydrojasmonate"
"C2491385",34576,"2491-38-5","2-Bromo-4-hydroxyacetophenone"
"C2492264",26035,"2492-26-4","Sodium 2-mercaptobenzothiolate"
"C249296433",47272,"249296-43-3","CJ-013610"
"C25057890",23901,"25057-89-0","Bentazone"
"C25155184",35708,"25155-18-4","Methylbenzethonium chloride"
"C25155300",25219,"25155-30-0","Sodium dodecylbenzenesulfonate"
"C25168052",27852,"25168-05-2","Chlorotoluene"
"C25265718",27856,"25265-71-8","Dipropylene glycol"
"C2528167",43938,"2528-16-7","Monobenzyl phthalate"
"C25322694",27863,"25322-69-4","Polypropylene glycol"
"C253450098",47270,"253450-09-8","Besonprodil"
"C25360105",27868,"25360-10-5","tert-Nonanethiol"
"C25496724",27875,"25496-72-4","Glyceryl monooleate"
"C25498491",29329,"25498-49-1","Tripropylene glycol monomethyl ether"
"C2550405",47628,"2550-40-5","Dicyclohexyl disulfide"
"C2554065",38808,"2554-06-5","1,3,5,7-Tetramethyl-1,3,5,7-tetravinylcyclotetrasiloxane"
"C25550985",27877,"25550-98-5","Diisodecylphenyl phosphite"
"C25606411",34849,"25606-41-1","Propamocarb hydrochloride"
"C25638179",41703,"25638-17-9","Butylnaphthalenesulfonic acid sodium salt"
"C25812300",20652,"25812-30-0","Gemfibrozil"
"C2593159",32547,"2593-15-9","Etridiazole"
"C25956176",24436,"25956-17-6","Allura Red C.I.16035"
"C26002802",32688,"26002-80-2","Phenothrin"
"C26027383",36588,"26027-38-3","Polyoxyethylene(10)nonylphenyl ether"
"C26040517",27887,"26040-51-7","Bis(2-ethylhexyl) tetrabromophthalate"
"C2605790",42190,"2605-79-0","N,N-Dimethyldecylamine oxide"
"C2610119",41726,"2610-11-9","C.I. Direct Red 81 disodium salt"
"C26172554",34286,"26172-55-4","5-Chloro-2-methyl-3(2H)-isothiazolone"
"C261947380",47279,"261947-38-0","CP-532623"
"C26225796",34580,"26225-79-6","Ethofumesate"
"C262376750",47338,"262376-75-0","HMR1426"
"C26264062",27891,"26264-06-2","Calcium dodecylbenzene sulfonate"
"C2627954",38810,"2627-95-4","1,3-Divinyl-1,1,3,3-tetramethyl disiloxane"
"C2634335",32523,"2634-33-5","1,2-Benzisothiazolin-3-one"
"C263553339",47313,"263553-33-9","GW473178E methyl benzene sulphonic acid"
"C26402266",42006,"26402-26-6","Glyceryl monooctanoate"
"C26447109",27899,"26447-10-9","Ammonium xylene sulfonate"
"C264618442",47341,"264618-44-2","SSR146977"
"C26530201",25805,"26530-20-1","Octhilinone"
"C26628228",20121,"26628-22-8","Sodium azide"
"C26644462",32654,"26644-46-2","Triforine"
"C2675776",24793,"2675-77-6","Chloroneb"
"C2687254",27494,"2687-25-4","2,3-Diaminotoluene"
"C2687947",36435,"2687-94-7","N-Octyl-2-pyrrolidone"
"C2687969",42206,"2687-96-9","1-Dodecyl-2-pyrrolidinone"
"C26896208",27916,"26896-20-8","Neodecanoic acid"
"C2694544",44901,"2694-54-4","Triprop-2-en-1-yl benzene-1,2,4-tricarboxylate"
"C2696846",48180,"2696-84-6","4-Propylaniline"
"C2702729",27496,"2702-72-9","2,4-D sodium salt"
"C27090637",27920,"27090-63-7","N,N,N',N'-Tetrabutyl-1,6-hexanediamine"
"C27138314",27921,"27138-31-4","Di(propylene glycol) dibenzoate"
"C27176870",27923,"27176-87-0","Dodecylbenzenesulfonic acid"
"C27178161",27924,"27178-16-1","Diisodecyl hexanedioate"
"C271896",20141,"271-89-6","2,3-Benzofuran"
"C27193868",27926,"27193-86-8","Dodecylphenol"
"C27253334",44902,"27253-33-4","Calcium neodecanoate"
"C27306781",40611,"27306-78-1","Silwet L77"
"C27314132",24234,"27314-13-2","Norflurazon"
"C27323417",27932,"27323-41-7","Dodecylbenzene sulfonate triethanolamine (1:1)"
"C27344418",36467,"27344-41-8","Disodium 4,4'-bis(2-sulfostyryl)biphenyl"
"C2756561",42062,"2756-56-1","Isobornyl propanoate"
"C2761242",42491,"2761-24-2","Triethoxypentylsilane"
"C2772454",29241,"2772-45-4","2,4-Bis(1-methyl-1-phenylethyl)phenol"
"C2782572",24993,"2782-57-2","Troclosene"
"C2783940",21456,"2783-94-0","FD&C Yellow 6"
"C2795393",37706,"2795-39-3","PFOS-K"
"C27955948",37712,"27955-94-8","4,4',4""-Ethane-1,1,1-triyltriphenol"
"C2807309",27500,"2807-30-9","2-Propoxyethanol"
"C28159980",32416,"28159-98-0","Cybutryne"
"C28249776",24337,"28249-77-6","Thiobencarb"
"C283594901",34929,"283594-90-1","Spiromesifen"
"C2835952",24489,"2835-95-2","5-Amino-2-methylphenol"
"C28434006",39336,"28434-00-6","S-Bioallethrin"
"C28631665",44904,"28631-66-5","C.I. Acid Blue 22"
"C2870328",41728,"2870-32-8","C.I. Direct Yellow 12"
"C28804888",25130,"28804-88-8","Dimethylnaphthalene"
"C288104790",47357,"288104-79-0","Surinabant"
"C288324",29616,"288-32-4","Imidazole"
"C288880",27131,"288-88-0","1H-1,2,4-Triazole"
"C2893789",24994,"2893-78-9","Sodium dichloroisocyanurate"
"C289716945",47280,"289716-94-5","CP-607366"
"C290352282",47306,"290352-28-2","CP-634384"
"C29091212",34210,"29091-21-2","Prodiamine"
"C29122687",22628,"29122-68-7","Atenolol"
"C291305061",47295,"291305-06-1","UK-373911"
"C2917739",44815,"2917-73-9","Dibutyl nonanedioate"
"C2919666",48184,"2919-66-6","Melengestrol acetate"
"C2921882",20458,"2921-88-2","Chlorpyrifos"
"C29232937",24266,"29232-93-7","Pirimiphos-methyl"
"C2934056",42273,"2934-05-6","2,4-Diisopropylphenol"
"C29385431",26171,"29385-43-1","Tolyltriazole"
"C29387868",29755,"29387-86-8","Propylene glycol monobutyl ether"
"C29420493",37707,"29420-49-3","PFBS-K"
"C2943751",29246,"2943-75-1","Triethoxyoctylsilane"
"C29590429",27955,"29590-42-9","Isooctyl acrylate"
"C2971360",22325,"2971-36-0","2,2-Bis(4-hydroxyphenyl)-1,1,1-trichloroethane"
"C298000",20855,"298-00-0","Methyl parathion"
"C298022",32459,"298-02-2","Phorate"
"C298044",22018,"298-04-4","Disulfoton"
"C298077",27134,"298-07-7","Bis(2-ethylhexyl) phosphate"
"C298198524",47359,"298198-52-4","SSR180711"
"C29836268",42234,"29836-26-8","Octyl beta-D-glucopyranoside"
"C298464",22731,"298-46-4","Carbamazepine"
"C2996921",40700,"2996-92-1","Trimethoxyphenylsilane"
"C300765",24209,"300-76-5","Naled"
"C3025307",41357,"3025-30-7","Ethyl (2E,4Z)-deca-2,4-dienoate"
"C3026639",42418,"3026-63-9","Sodium tridecyl sulfate"
"C302794",21239,"302-79-4","trans-Retinoic acid"
"C3033770",44643,"3033-77-0","N,N,N-Trimethyl(oxiran-2-yl)methanaminium chloride"
"C30399849",27963,"30399-84-9","Isooctadecanoic acid"
"C30516871",20127,"30516-87-1","3'-Azido-3'-deoxythymidine"
"C30560191",23846,"30560-19-1","Acephate"
"C3056175",23819,"3056-17-5","Stavudine"
"C307244",31862,"307-24-4","PFHxA"
"C309002",20040,"309-00-2","Aldrin"
"C311455",24046,"311-45-5","Paraoxon"
"C31218834",32470,"31218-83-4","Propetamphos"
"C313994795",47327,"313994-79-5","MK-578"
"C314409",22020,"314-40-9","Bromacil"
"C3147759",27522,"3147-75-9","Octrizole"
"C31519229",37730,"31519-22-9","1,4-Dihydroxy-2-naphthoic acid"
"C3164850",27525,"3164-85-0","Potassium 2-ethylhexanoate"
"C3194556",27527,"3194-55-6","1,2,5,6,9,10-Hexabromocyclododecane"
"C319857",20685,"319-85-7","beta-Hexachlorocyclohexane"
"C32388559",29353,"32388-55-9","1-Cedr-8-en-9-ylethanone"
"C3252435",24940,"3252-43-5","Dibromoacetonitrile"
"C3268493",27528,"3268-49-3","3-(Methylthio)propanal"
"C32809168",33923,"32809-16-8","Procymidone"
"C328392467",47367,"328392-46-7","HMR1171"
"C328847",27142,"328-84-7","1,2-Dichloro-4-(trifluoromethyl)benzene"
"C3296900",20164,"3296-90-0","2,2-Bis(bromomethyl)-1,3-propanediol"
"C330198919",47394,"330198-91-9","Fully acetylated glycerol monoester on 12-Hydroxystearic acid (85%); Fully acetylated glycerol monostearate represents (10%)"
"C330541",20446,"330-54-1","Diuron"
"C330552",24163,"330-55-2","Linuron"
"C33089611",23871,"33089-61-1","Amitraz"
"C331623064",47331,"331623-06-4","MK-547"
"C3319311",26265,"3319-31-1","Tris(2-ethylhexyl) trimellitate"
"C33228443",40707,"33228-44-3","4-Pentylaniline"
"C33228454",40708,"33228-45-4","4-Hexylaniline"
"C333415",20407,"333-41-5","Diazinon"
"C3337711",23890,"3337-71-1","Asulam"
"C334485",21554,"334-48-5","Decanoic acid"
"C335671",31865,"335-67-1","PFOA"
"C335762",31860,"335-76-2","PFDA"
"C33629479",32337,"33629-47-9","Butralin"
"C33703081",27982,"33703-08-1","Hexanedioic acid, diisononyl ester"
"C3380345",32498,"3380-34-5","Triclosan"
"C33820530",24157,"33820-53-0","Isopropalin"
"C3383968",32484,"3383-96-8","Temephos"
"C3391864",35214,"3391-86-4","1-Octen-3-ol"
"C33956499",35288,"33956-49-9","Codlelure"
"C34014181",24316,"34014-18-1","Tebuthiuron"
"C34256821",23848,"34256-82-1","Acetochlor"
"C34451199",42335,"34451-19-9","Butyl (2S)-2-hydroxypropanoate"
"C344930956",47368,"344930-95-6","SSR69071"
"C3452979",29661,"3452-97-9","3,5,5-Trimethyl-1-hexanol"
"C34590948",27983,"34590-94-8","Propanol, 1(or 2)-(2-methoxymethylethoxy)-"
"C349495427",47263,"349495-42-7","PharmaGSID_47263"
"C35256850",41691,"35256-85-0","Butam"
"C353280076",47281,"353280-07-6","CP-612372"
"C35367385",24049,"35367-38-5","Diflubenzuron"
"C35400432",32675,"35400-43-2","Sulprofos"
"C3547339",32516,"3547-33-9","2-Hydroxyethyl octyl sulfide"
"C35554440",24151,"35554-44-0","Imazalil"
"C35575963",34818,"35575-96-3","Azamethiphos"
"C35691657",24944,"35691-65-7","1,2-Dibromo-2,4-dicyanobutane"
"C361343193",47277,"361343-19-3","Elzasonan"
"C361377299",34625,"361377-29-9","Fluoxastrobin"
"C3622842",27540,"3622-84-2","N-Butylbenzenesulfonamide"
"C3653483",34700,"3653-48-3","MCPA-sodium"
"C36631308",47180,"36631-30-8","Triisodecyl trimellitate"
"C36653824",27991,"36653-82-4","1-Hexadecanol"
"C36673162",44928,"36673-16-2","Isopropyl triethanolamine titanate"
"C36734197",24154,"36734-19-7","Iprodione"
"C3681718",41484,"3681-71-8","(3Z)-3-Hexenyl acetate"
"C368832422",47283,"368832-42-2","CP-728663"
"C3691358",32348,"3691-35-8","Chlorophacinone"
"C3734336",34376,"3734-33-6","Denatonium benzoate"
"C3734676",44663,"3734-67-6","C.I. Acid Red 1"
"C3739386",38321,"3739-38-6","3-Phenoxybenzoic acid"
"C375859",37303,"375-85-9","Perfluoroheptanoic acid"
"C375951",31863,"375-95-1","PFNA"
"C37764253",27997,"37764-25-3","Dichlormid"
"C3811049",47448,"3811-04-9","Potassium chlorate"
"C3811732",42390,"3811-73-2","Sodium (2-pyridylthio)-N-oxide"
"C3825261",37708,"3825-26-1","PFOA, ammonium salt"
"C3844459",20189,"3844-45-9","FD&C Blue No. 1"
"C3855321",44564,"3855-32-1","2,6,10-Trimethyl-2,6,10-triazaundecane"
"C3871996",37709,"3871-99-6","PFHS-K"
"C3913028",44818,"3913-02-8","2-Butyloctan-1-ol"
"C39236469",40151,"39236-46-9","Imidazolidinyl urea"
"C3926623",27550,"3926-62-3","Sodium chloroacetate"
"C39300453",40352,"39300-45-3","Dinocap"
"C39515418",24002,"39515-41-8","Fenpropathrin"
"C39905572",22288,"39905-57-2","4-Hexyloxyaniline"
"C402910274",47290,"402910-27-4","UK-416244"
"C40487421",24245,"40487-42-1","Pendimethalin"
"C40649363",48198,"40649-36-3","4-Propylcyclohexanone"
"C4065456",42436,"4065-45-6","Sulisobenzone"
"C4098719",23826,"4098-71-9","Isophorone diisocyanate"
"C4107986",42189,"4107-98-6","N,N-Diisopropylaniline"
"C41198087",32464,"41198-08-7","Profenofos"
"C4130421",29262,"4130-42-1","2,6-Di-tert-butyl-4-ethylphenol"
"C41372081",20863,"41372-08-1","Methyldopa sesquihydrate"
"C41372207",48185,"41372-20-7","Apomorphine hydrochloride hydrate"
"C41481667",47598,"41481-66-7","4,4'-Sulfonylbis[2-(prop-2-en-1-yl)phenol]"
"C4151502",32646,"4151-50-2","Sulfluramid"
"C4180238",20087,"4180-23-8","(E)-Anethole"
"C420042",34490,"420-04-2","Cyanamide"
"C42509808",34676,"42509-80-8","Isazofos"
"C427510",20366,"427-51-0","Cyproterone acetate"
"C42874033",24241,"42874-03-3","Oxyfluorfen"
"C4291638",22828,"4291-63-8","Cladribine"
"C43121433",23897,"43121-43-3","Triadimefon"
"C43222486",24048,"43222-48-6","Difenzoquat metilsulfate"
"C4342363",34981,"4342-36-3","Tributyltin benzoate"
"C4344552",48199,"4344-55-2","4-Butyloxyaniline"
"C4376185",40001,"4376-18-5","Monomethyl phthalate"
"C4376209",25680,"4376-20-9","Mono(2-ethylhexyl) phthalate"
"C439687691",47358,"439687-69-1","Nelivaptan"
"C4418262",26029,"4418-26-2","Sodium dehydroacetate"
"C4437858",40342,"4437-85-8","Butylene carbonate"
"C444610917",47315,"444610-91-7","PharmaGSID_47315"
"C4449518",43709,"4449-51-8","Cyclopamine"
"C445295045",47282,"445295-04-5","CP-671305"
"C4455269",42209,"4455-26-9","N-Methyldioctylamine"
"C446720",22308,"446-72-0","Genistein"
"C4468422",41492,"4468-42-2","3-Phenylhexane"
"C446866",20119,"446-86-6","Azathioprine"
"C451401",44430,"451-40-1","1,2-Diphenylethanone"
"C4548532",21234,"4548-53-2","FD&C Red 4"
"C4553622",25612,"4553-62-2","2-Methylpentanedinitrile"
"C4574043",41289,"4574-04-3","Myristyltrimethylammonium chlorideN,N,N-Trimethyltetradecan-1-aminium chloride"
"C460004",27153,"460-00-4","1-Bromo-4-fluorobenzene"
"C460081996",48510,"460081-99-6","PharmaGSID_48510"
"C4602840",32389,"4602-84-0","Farnesol"
"C461023632",47316,"461023-63-2","Aplaviroc hydrochloride"
"C461585",20354,"461-58-5","Cyanoguanidine"
"C463401",25506,"463-40-1","Linolenic acid"
"C4638486",37749,"4638-48-6","5-Chlorosalicylanilide"
"C464493",24721,"464-49-3","D-Camphor"
"C4707475",41653,"4707-47-5","Methyl 2,4-dihydroxy-3,6-dimethylbenzoate"
"C470826",20616,"470-82-6","1,8-Cineol"
"C4712554",41889,"4712-55-4","Diphenyl phosphite"
"C473289622",47356,"473289-62-2","Ilepatril"
"C474862",47433,"474-86-2","Equilin"
"C478149530",47284,"478149-53-0","PHA-00543613"
"C478263988",47372,"478263-98-8","AVE3295"
"C480400",22396,"480-40-0","Chrysin"
"C480637",48200,"480-63-7","2,4,6-Trimethylbenzoic acid"
"C484173",47592,"484-17-3","9-Phenanthrol"
"C486566",47576,"486-56-6","Cotinine"
"C486668",22310,"486-66-8","Daidzein"
"C487069",41421,"487-06-9","5,7-Dimethoxy-2H-chromen-2-one"
"C489010",41379,"489-01-0","2,6-Di-tert-butyl-4-methoxyphenol"
"C4904614",27581,"4904-61-4","1,5,9-Cyclododecatriene"
"C491805",22394,"491-80-5","Biochanin A"
"C493527",42154,"493-52-7","Methyl red"
"C4940118",41516,"4940-11-8","2-Ethyl-3-hydroxy-4H-pyran-4-one"
"C49562289",29874,"49562-28-9","Fenofibrate"
"C496468",31380,"496-46-8","Glycoluril"
"C496720",24930,"496-72-0","3,4-Diaminotoluene"
"C499752",42074,"499-75-2","Isopropyl-o-cresol"
"C499832",22043,"499-83-2","2,6-Pyridinedicarboxylic acid"
"C500389",22437,"500-38-9","Nordihydroguaiaretic acid"
"C501027492",47307,"501027-49-2","PD-0333941"
"C50146",20233,"50-14-6","Ergocalciferol"
"C50215",23192,"50-21-5","Lactic acid"
"C50226",22474,"50-22-6","Corticosterone"
"C50271",22366,"50-27-1","Estriol"
"C50282",20573,"50-28-2","17beta-Estradiol"
"C50293",20375,"50-29-3","p,p'-DDT"
"C50351",22524,"50-35-1","Thalidomide"
"C50419",20337,"50-41-9","Clomiphene citrate"
"C50471448",22361,"50471-44-8","Vinclozolin"
"C50555",21237,"50-55-5","Reserpine"
"C50594666",20022,"50594-66-6","Acifluorfen"
"C50657",40362,"50-65-7","Niclosamide"
"C50704",23588,"50-70-4","D-Glucitol"
"C50782",20108,"50-78-2","Aspirin"
"C50817",20106,"50-81-7","L-Ascorbic acid"
"C50892234",20290,"50892-23-4","Pirinixic acid"
"C510156",20299,"510-15-6","Chlorobenzilate"
"C51036",21166,"51-03-6","Piperonyl butoxide"
"C51058",44435,"51-05-8","Procaine hydrochloride"
"C5116949",42169,"5116-94-9","Monotridecyl phosphate"
"C51218",20634,"51-21-8","5-Fluorouracil"
"C51218452",22448,"51218-45-2","Metolachlor"
"C51229788",35748,"51229-78-8","Chloroallyl methenamine chloride"
"C51235042",24145,"51235-04-2","Hexazinone"
"C51241",45232,"51-24-1","Tiratricol"
"C512425",42406,"512-42-5","Sodium methyl sulfate"
"C512561",21403,"512-56-1","Trimethyl phosphate"
"C51285",20523,"51-28-5","2,4-Dinitrophenol"
"C51309",25486,"51-30-9","Isoproterenol hydrochloride"
"C51338273",32605,"51338-27-3","Diclofop-methyl"
"C5137553",44487,"5137-55-3","Methyltrioctylammonium chloride"
"C5138181",42426,"5138-18-1","Sulfosuccinic acid"
"C5146667",36286,"5146-66-7","2,6-Octadienenitrile, 3,7-dimethyl-"
"C51525",21209,"51-52-5","6-Propyl-2-thiouracil"
"C5153253",22525,"5153-25-3","2-Ethylhexylparaben"
"C51580860",29761,"51580-86-0","Sodium dichloro-s-triazinetrione dihydrate"
"C51630581",20621,"51630-58-1","Fenvalerate"
"C51632167",28022,"51632-16-7","1-(Bromomethyl)-3-phenoxybenzene"
"C51707552",32651,"51707-55-2","Thidiazuron"
"C51796",21427,"51-79-6","Urethane"
"C52017",34186,"52-01-7","Spironolactone"
"C520183",20768,"520-18-3","Kaempferol"
"C520365",22391,"520-36-5","Apigenin"
"C520456",20014,"520-45-6","Dehydroacetic acid"
"C521186",22364,"521-18-6","5alpha-Dihydrotestosterone"
"C5216251",27593,"5216-25-1","4-Chlorobenzotrichloride"
"C52225204",21356,"52225-20-4","dl-alpha-Tocopheryl acetate"
"C52315078",23998,"52315-07-8","Cypermethrin"
"C5234684",23951,"5234-68-4","Carboxin"
"C52517",24652,"52-51-7","Bronopol"
"C525791",35175,"525-79-1","Kinetin"
"C525826",22048,"525-82-6","Flavone"
"C52645531",22292,"52645-53-1","Permethrin"
"C526750",25143,"526-75-0","2,3-Dimethylphenol"
"C52686",21389,"52-68-6","Trichlorfon"
"C527606",22049,"527-60-6","2,4,6-Trimethylphenol"
"C527680564",47285,"527680-56-4","PHA-00568487"
"C52806538",33562,"52806-53-8","Hydroxyflutamide"
"C528290",24066,"528-29-0","1,2-Dinitrobenzene"
"C52868",34150,"52-86-8","Haloperidol"
"C52918635",20381,"52918-63-5","Deltamethrin"
"C53032",21185,"53-03-2","Prednisone"
"C53112280",34877,"53112-28-0","Pyrimethanil"
"C5315797",38298,"5315-79-7","1-Hydroxypyrene"
"C53167",22367,"53-16-7","Estrone"
"C53190",20372,"53-19-0","o,p'-DDD"
"C532025",41442,"532-02-5","Sodium 2-naphthalenesulfonate"
"C53219219",41557,"53219-21-9","7-Octen-2-ol, 2-methyl-6-methylene-, dihydro deriv."
"C532274",20293,"532-27-4","2-Chloroacetophenone"
"C532321",20140,"532-32-1","Sodium benzoate"
"C5329146",34005,"5329-14-6","Sulfamic acid"
"C533233",41346,"533-23-3","2,4-D-ethyl ester"
"C5333426",36288,"5333-42-6","2-Octyl-1-dodecanol"
"C533744",24902,"533-74-4","Dazomet"
"C534134",42191,"534-13-4","N,N'-Dimethylthiourea"
"C53430",20379,"53-43-0","Dehydroepiandrosterone"
"C534521",22053,"534-52-1","2-Methyl-4,6-dinitrophenol"
"C5349519",40716,"5349-51-9","4-(2-Methylbutan-2-yl)cyclohexanol"
"C53703",20409,"53-70-3","Dibenz(a,h)anthracene"
"C53861",20740,"53-86-1","Indomethacin"
"C53894238",28033,"53894-23-8","Triisononyl trimellitate"
"C5392405",24836,"5392-40-5","3,7-Dimethyl-2,6-octadienal"
"C53939289",32303,"53939-28-9","(Z)-11-Hexadecenal"
"C5394365",41368,"5394-36-5","5-Ethyl-5-methylhydantoin"
"C540181",41604,"540-18-1","Pentyl butyrate"
"C5407987",48201,"5407-98-7","Cyclobutyl phenyl ketone"
"C540885",22055,"540-88-5","tert-Butyl acetate"
"C541026",27184,"541-02-6","Decamethylcyclopentasiloxane"
"C54115",20930,"54-11-5","Nicotine"
"C541731",22056,"541-73-1","1,3-Dichlorobenzene"
"C542927",27191,"542-92-7","1,3-Cyclopentadiene"
"C5437456",40343,"5437-45-6","Benzyl bromoacetate"
"C544638",21666,"544-63-8","Tetradecanoic acid"
"C544763",27195,"544-76-3","Hexadecane"
"C54593838",32344,"54593-83-8","Chlorethoxyfos"
"C54626",22588,"54-62-6","4-Aminofolic acid"
"C54853",20755,"54-85-3","Isoniazid"
"C548629",20653,"548-62-9","Gentian Violet"
"C54965241",21301,"54965-24-1","Tamoxifen citrate"
"C550447",27198,"550-44-7","N-Methylphthalimide"
"C55185",21028,"55-18-5","N-Nitrosodiethylamine"
"C55219653",32493,"55219-65-3","Triadimenol"
"C552307",26235,"552-30-7","Trimellitic anhydride"
"C55283686",32386,"55283-68-6","Ethalfluralin"
"C55285148",23950,"55285-14-8","Carbosulfan"
"C55290647",24052,"55290-64-7","Dimethipin"
"C553264",27200,"553-26-4","4,4'-Bipyridine"
"C55335063",32497,"55335-06-3","Triclopyr"
"C5536618",44823,"5536-61-8","Sodium methacrylate"
"C553708",44693,"553-70-8","Magnesium dibenzoate"
"C55389",20620,"55-38-9","Fenthion"
"C55406536",28038,"55406-53-6","3-Iodo-2-propynyl-N-butylcarbamate"
"C55512339",32639,"55512-33-9","Pyridate"
"C55589623",30606,"55589-62-3","Acesulfame potassium"
"C556525",20666,"556-52-5","Glycidol"
"C556616",27204,"556-61-6","Methyl isothiocyanate"
"C556672",27205,"556-67-2","Octamethylcyclotetrasiloxane"
"C55814410",37565,"55814-41-0","Mepronil"
"C55934935",42503,"55934-93-5","Tripropylene glycol butyl ether"
"C55981",20910,"55-98-1","Busulfan"
"C5598130",32352,"5598-13-0","Chlorpyrifos-methyl"
"C5598152",38666,"5598-15-2","Chlorpyrifos oxon"
"C56042",20890,"56-04-2","6-Methyl-2-thiouracil"
"C563122",24086,"563-12-2","Ethion"
"C56375792",44443,"56375-79-2","N,N-Dibutyl-N-methylbutan-1-aminium chloride"
"C56382",21100,"56-38-2","Parathion"
"C56531",20465,"56-53-1","Diethylstilbestrol"
"C56553",23902,"56-55-3","Benz(a)anthracene"
"C56724",20347,"56-72-4","Coumaphos"
"C56815",20663,"56-81-5","Glycerol"
"C56951",32345,"56-95-1","Chlorhexidine diacetate"
"C5700492",44570,"5700-49-2","1,2-Ethanediamine dihydriodide"
"C57067",20047,"57-06-7","Allyl isothiocyanate"
"C57090",37028,"57-09-0","Hexadecyltrimethylammonium bromide"
"C57103",21602,"57-10-3","Hexadecanoic acid"
"C57114",21642,"57-11-4","Octadecanoic acid"
"C57136",21426,"57-13-6","Urea"
"C57147",20516,"57-14-7","1,1-Dimethylhydrazine"
"C571584",35423,"571-58-4","1,4-Dimethylnaphthalene"
"C57307",21123,"57-30-7","Phenobarbital sodium"
"C57410",20541,"57-41-0","5,5-Diphenylhydantoin"
"C57501",21288,"57-50-1","Sucrose"
"C57556",21206,"57-55-6","1,2-Propylene glycol"
"C576261",24063,"576-26-1","2,6-Dimethylphenol"
"C57636",20576,"57-63-6","17alpha-Ethinylestradiol"
"C577117",22959,"577-11-7","Docusate sodium"
"C57749",20267,"57-74-9","Chlordane"
"C57754855",34265,"57754-85-5","Clopyralid-olamine"
"C57830",22370,"57-83-0","Progesterone"
"C57837191",24175,"57837-19-1","Metalaxyl"
"C57852",36515,"57-85-2","Testosterone propionate"
"C57910",22377,"57-91-0","17alpha-Estradiol"
"C579668",27218,"579-66-8","2,6-Diethylaniline"
"C57966957",32358,"57966-95-7","Cymoxanil"
"C57976",20510,"57-97-6","7,12-Dimethylbenz(a)anthracene"
"C58082",20232,"58-08-2","Caffeine"
"C58140",21217,"58-14-0","Pyrimethamine"
"C58184",33664,"58-18-4","17-Methyltestosterone"
"C583788",25003,"583-78-8","2,5-Dichlorophenol"
"C58394642",47528,"58394-64-2","Benzyloctyl adipate"
"C584134",33058,"584-13-4","4-Amino-1,2,4-triazole"
"C58430947",41270,"58430-94-7","3,5,5-Trimethylhexyl acetate"
"C584792",35180,"584-79-2","Allethrin"
"C584849",26156,"584-84-9","Toluene-2,4-diisocyanate"
"C5850862",41709,"5850-86-2","C.I. Acid Orange 8, monosodium salt"
"C585342",44825,"585-34-2","3-tert-Butylphenol"
"C58559",21336,"58-55-9","Theophylline"
"C58560",40792,"58-56-0","Pyridoxine hydrochloride"
"C586629",27222,"586-62-9","Terpinolene"
"C5870939",42038,"5870-93-9","Heptyl butanoate"
"C58720",22320,"58-72-0","Triphenylethylene"
"C587655",41409,"587-65-5","2-Chloro-N-phenylacetamide"
"C5877429",44697,"5877-42-9","4-Ethyloct-1-yn-3-ol"
"C587859",42130,"587-85-9","Diphenylmercury(II)"
"C58846778",41208,"58846-77-8","Decyl beta-D-glucopyranoside"
"C58855",22679,"58-85-5","Biotin"
"C58866",23745,"58-86-6","D-Xylose"
"C588941451",48506,"588941-45-1","PharmaGSID_48506"
"C58899",20686,"58-89-9","Lindane"
"C58935",20713,"58-93-5","Hydrochlorothiazide"
"C589684",42454,"589-68-4","Tetradecanoic acid, 2,3-dihydroxypropyl ester"
"C5902512",24317,"5902-51-2","Terbacil"
"C59052",20822,"59-05-2","Methotrexate"
"C5915413",27608,"5915-41-3","Terbuthylazine"
"C59227893",42086,"59227-89-3","Laurocapram"
"C59303",22519,"59-30-3","Folic acid"
"C59405",42424,"59-40-5","Sulfaquinoxaline"
"C594207",30060,"594-20-7","2,2-Dichloropropane"
"C59507",21717,"59-50-7","4-Chloro-3-methylphenol"
"C59669260",32578,"59669-26-0","Thiodicarb"
"C59676",20932,"59-67-6","Nicotinic acid"
"C59756604",24107,"59756-60-4","Fluridone"
"C598550",20834,"598-55-0","Methyl carbamate"
"C59870",20944,"59-87-0","Nitrofurazone"
"C599644",22536,"599-64-4","4-Cumylphenol"
"C599791",21256,"599-79-1","Sulfasalazine"
"C60093",24460,"60-09-3","4-Aminoazobenzene"
"C60128",26342,"60-12-8","2-Phenylethanol"
"C60168889",32390,"60168-88-9","Fenarimol"
"C602017",27236,"602-01-7","2,3-Dinitrotoluene"
"C60207901",24280,"60207-90-1","Propiconazole"
"C60333",25505,"60-33-3","Linoleic acid"
"C603350",26251,"603-35-0","Triphenylphosphine"
"C60355",20005,"60-35-5","Acetamide"
"C604751",21087,"604-75-1","Oxazepam"
"C60515",20479,"60-51-5","Dimethoate"
"C605458",40731,"605-45-8","Diisopropyl phthalate"
"C60548",23645,"60-54-8","Tetracycline"
"C6055192",24888,"6055-19-2","Cyclophosphamide monohydrate"
"C60560",20820,"60-56-0","Methimazole"
"C60571",20453,"60-57-1","Dieldrin"
"C606202",20528,"606-20-2","2,6-Dinitrotoluene"
"C6088513",25429,"6088-51-3","6-Hydroxy-2-naphthyl disulfide"
"C609541",41641,"609-54-1","2,5-Dimethylbenzenesulfonic acid"
"C611201",41661,"611-20-1","Benzonitrile, 2-hydroxy-"
"C611701",48202,"611-70-1","Isopropyl phenyl ketone"
"C612828",20511,"612-82-8","3,3'-Dimethylbenzidine dihydrochloride"
"C614459",24699,"614-45-9","tert-Butyl perbenzoate"
"C6149037",47594,"6149-03-7","Sodium 4-octylbenzenesulfonate"
"C6152336",40794,"6152-33-6","Sodium 2-phenylphenate tetrahydrate"
"C6153646",23412,"6153-64-6","Oxytetracycline dihydrate"
"C616455",27246,"616-45-5","2-Pyrrolidinone"
"C61734",23296,"61-73-4","Methylene blue"
"C61791126",47696,"61791-12-6","Cremophor(R) EL"
"C61825",20076,"61-82-5","Amitrole"
"C618451",44571,"618-45-1","3-Isopropylphenol"
"C6190654",37494,"6190-65-4","Deethylatrazine"
"C620177",22480,"620-17-7","3-Ethylphenol"
"C621647",21032,"621-64-7","N-Nitrosodipropylamine"
"C62237",20966,"62-23-7","4-Nitrobenzoic acid"
"C622979",20889,"622-97-9","4-Methylstyrene"
"C62384",21150,"62-38-4","Phenylmercuric acetate"
"C625114412",48520,"625114-41-2","Piragliatin"
"C625558",27258,"625-55-8","Isopropyl formate"
"C62566",21348,"62-56-6","Thiourea"
"C6259763",38924,"6259-76-3","Hexyl salicylate"
"C626437",30307,"626-43-7","3,5-Dichloroaniline"
"C627189",24657,"627-18-9","3-Bromo-1-propanol"
"C62737",20449,"62-73-7","Dichlorvos"
"C62748",24311,"62-74-8","Sodium fluoroacetate"
"C62759",21029,"62-75-9","N-Nitrosodimethylamine"
"C627930",25096,"627-93-0","Dimethyl adipate"
"C6285058",48203,"6285-05-8","Ethyl 4-chlorophenyl ketone"
"C628637",27263,"628-63-7","Pentyl acetate"
"C62924703",32553,"62924-70-3","Flumetralin"
"C629629",27268,"629-62-9","Pentadecane"
"C629765",27270,"629-76-5","1-Pentadecanol"
"C630568",43915,"630-56-8","Hydroxyprogesterone caproate"
"C63058",24523,"63-05-8","4-Androstene-3,17-dione"
"C6317186",25599,"6317-18-6","Methylene bis(thiocyanate)"
"C63252",20247,"63-25-2","Carbaryl"
"C633965",38881,"633-96-5","C.I. Acid Orange 7"
"C63423",23193,"63-42-3","Lactose"
"C6344678",47540,"6344-67-8","3-Hydroxyfluorene"
"C63449412",48122,"63449-41-2","C8-18-Alkydimethylbenzyl ammonium chlorides"
"C6359826",47451,"6359-82-6","Acid Yellow 11"
"C6359906",41646,"6359-90-6","C.I. Acid Yellow 34, monosodium salt"
"C6359984",41719,"6359-98-4","C.I. Acid Yellow 17, disodium salt"
"C63612500",34165,"63612-50-0","Nilutamide"
"C636215",21364,"636-21-5","2-Methylaniline hydrochloride"
"C637070",20336,"637-07-0","Clofibrate"
"C6381777",20570,"6381-77-7","Sodium erythorbate (1:1)"
"C6385622",31248,"6385-62-2","Diquat dibromide monohydrate"
"C64108",42507,"64-10-8","Urea, phenyl-"
"C64197",24394,"64-19-7","Acetic acid"
"C6422862",27625,"6422-86-2","Bis(2-ethylhexyl) terephthalate"
"C64359815",32315,"64359-81-5","4,5-Dichloro-2-octyl-3(2H)-isothiazolone"
"C643798",32514,"643-79-8","1,2-Benzenedicarboxaldehyde"
"C644973",27282,"644-97-3","Phenyl phosphorus dichloride"
"C645567",22100,"645-56-7","4-Propylphenol"
"C645625",25296,"645-62-5","2-Ethyl-2-hexenal"
"C6459945",21224,"6459-94-5","C.I. Acid Red 114"
"C64675",24045,"64-67-5","Diethyl sulfate"
"C64700567",32579,"64700-56-7","Triclopyr-butotyl"
"C647427",44572,"647-42-7","3,3,4,4,5,5,6,6,7,7,8,8,8-Tridecafluorooctan-1-ol"
"C6485401",41413,"6485-40-1","R-(-)-Carvone"
"C64868",24845,"64-86-8","Colchicine"
"C648917139",47376,"648917-13-9","AVE2865"
"C650511",34924,"650-51-1","Sodium trichloroacetate"
"C65236",23541,"65-23-6","Pyridoxine"
"C65277421",29879,"65277-42-1","Ketoconazole"
"C654055013",40776,"654055-01-3","Morin hydrate"
"C65452",21726,"65-45-2","Salicylamide"
"C657841",42415,"657-84-1","Sodium 4-methylbenzenesulfonate"
"C65850",20143,"65-85-0","Benzoic acid"
"C6610293",44390,"6610-29-3","N-Methylhydrazinecarbothioamide"
"C66215278",23999,"66215-27-8","Cyromazine"
"C66230044",32667,"66230-04-4","Esfenvalerate"
"C6624733",47538,"6624-73-3","Pentane-1,5-diyl dibenzoate"
"C6625463",41715,"6625-46-3","C.I. Acid Violet 12, disodium salt"
"C66273",20845,"66-27-3","Methyl methanesulfonate"
"C66332965",24109,"66332-96-5","Flutolanil"
"C66357355",45191,"66357-35-5","Ranitidine"
"C66441234",32392,"66441-23-4","Fenoxaprop-ethyl"
"C66456539",47527,"66456-53-9","Adipic acid, polypropyleneglycol, laurate"
"C66575299",40484,"66575-29-9","Forskolin"
"C66717",25857,"66-71-7","1,10-Phenanthroline"
"C66819",24882,"66-81-9","Cycloheximide"
"C6683198",27633,"6683-19-8","Irganox 1010"
"C668981020",47294,"668981-02-0","CP-863187"
"C6706598",42096,"6706-59-8","L-Glucitol"
"C67209",20972,"67-20-9","Nitrofurantoin"
"C6728263",41425,"6728-26-3","(2E)-2-Hexenal"
"C67301",48186,"67-30-1","Tetrac"
"C6734801",40361,"6734-80-1","Metam-sodium hydrate"
"C67485294",23868,"67485-29-4","Hydramethylnon"
"C67564914",34601,"67564-91-4","(2R,6S)-Fenpropimorph"
"C676116044",47271,"676116-04-4","PD 0343701"
"C67685",21735,"67-68-5","Dimethyl sulfoxide"
"C67747095",24270,"67747-09-5","Prochloraz"
"C67786145",44713,"67786-14-5","Acid Red 337"
"C678397",29904,"678-39-7","1,1,2,2-Tetrahydroperfluoro-1-decanol"
"C6789884",25403,"6789-88-4","Hexyl benzoate"
"C68111",26141,"68-11-1","Thioglycolic acid"
"C68122",20515,"68-12-2","N,N-Dimethylformamide"
"C68157608",34634,"68157-60-8","Forchlorfenuron"
"C68169039",41302,"68169-03-9","2-(Dihydrocyclopentadienyloxy)ethyl methacrylate"
"C682019",42382,"682-01-9","Tetrapropyl orthosilicate"
"C68224",23380,"68-22-4","Norethindrone"
"C68268",23556,"68-26-8","Retinol"
"C683181",27292,"683-18-1","Dibutyltin dichloride"
"C68359375",35957,"68359-37-5","Cyfluthrin"
"C68392358",37094,"68392-35-8","4-Hydroxytamoxifen"
"C6846500",27635,"6846-50-0","2,2,4-Trimethyl-1,3-pentanediol diisobutyrate"
"C684935",21006,"684-93-5","N-Nitroso-N-methylurea"
"C68515480",28665,"68515-48-0","DINP branched"
"C68515491",28666,"68515-49-1","1,2-Benzenedicarboxylic acid, di-C9-11-branched alkyl esters, C10-rich"
"C68515753",47517,"68515-75-3","Hexanedioic acid, di-C7-9-branched and linear alkyl esters"
"C68555862",44718,"68555-86-2","Acid Orange 156"
"C68609972",28774,"68609-97-2","C12-14-Alkyl glycidyl ether"
"C686756876",48519,"686756-87-6","PharmaGSID_48519"
"C68694111",32500,"68694-11-1","Triflumizole"
"C68917180",47712,"68917-18-0","Cornmint oil"
"C6893023",23216,"6893-02-3","3,5,3'-Triiodothyronine"
"C68959206",35589,"68959-20-6","Disiquonium chloride "
"C68962",40747,"68-96-2","17alpha-Hydroxyprogesterone"
"C69090",24827,"69-09-0","Chlorpromazine hydrochloride"
"C6915157",27640,"6915-15-7","Malic acid"
"C6923224",34816,"6923-22-4","Monocrotophos"
"C692864",44828,"692-86-4","Ethyl undec-10-enoate"
"C69327760",34401,"69327-76-0","Buprofezin"
"C69377817",34627,"69377-81-7","Fluroxypyr"
"C695067",41298,"695-06-7","gamma-Caprolactone"
"C69655056",22927,"69655-05-6","2',3'-Dideoxyinosine"
"C69658",23235,"69-65-8","D-Mannitol"
"C69727",26368,"69-72-7","Salicylic acid"
"C69749",24891,"69-74-9","Cytarabine hydrochloride"
"C69806402",24123,"69806-40-2","Haloxyfop-methyl"
"C69806504",34612,"69806-50-4","Fluazifop-butyl"
"C7011838",41299,"7011-83-8","2(3H)-Furanone, 5-hexyldihydro-5-methyl-"
"C70553",29105,"70-55-3","4-Toluenesulfonamide"
"C705602",41188,"705-60-2","(2-Nitro-1-propenyl)benzene"
"C70568604",48204,"70568-60-4","4-Butylcyclohexanol"
"C706149",22109,"706-14-9","gamma-Decanolactone"
"C7080504",40795,"7080-50-4","Chloramine-T trihydrate"
"C709988",22111,"709-98-8","Propanil"
"C71238",21739,"71-23-8","1-Propanol"
"C712505",48182,"712-50-5","Cyclohexylphenylketone"
"C71283802",34598,"71283-80-2","Fenoxaprop-P-ethyl"
"C71526073",44575,"71526-07-3","MON-4660"
"C7173515",32537,"7173-51-5","Didecyldimethylammonium chloride"
"C71751412",23892,"71751-41-2","Abamectin"
"C717748",41232,"717-74-8","1,3,5-Triisopropylbenzene"
"C7212444",22247,"7212-44-4","Nerolidol"
"C72178020",24112,"72178-02-0","Fomesafen"
"C72208",20561,"72-20-8","Endrin"
"C72333",20814,"72-33-3","Mestranol"
"C72435",20827,"72-43-5","Methoxychlor"
"C72490018",32393,"72490-01-8","Fenoxycarb"
"C725228455",47371,"725228-45-5","AVE5638"
"C72548",20373,"72-54-8","p,p'-DDD"
"C72559",20374,"72-55-9","p,p'-DDE"
"C7287196",24272,"7287-19-6","Prometryn"
"C732116",24261,"732-11-6","Phosmet"
"C73223",21419,"73-22-3","l-Tryptophan"
"C732263",21311,"732-26-3","2,4,6-Tris(tert-butyl)phenol"
"C73314",22421,"73-31-4","Melatonin"
"C7378996",36299,"7378-99-6","N,N-Dimethyloctylamine"
"C7398698",27650,"7398-69-8","Dimethyldiallylammonium chloride"
"C74051802",24304,"74051-80-2","Sethoxydim"
"C74115245",23881,"74115-24-5","Clofentezine"
"C741582",32329,"741-58-2","Bensulide"
"C742693385",47348,"742693-38-5","SSR504734"
"C744456",37752,"744-45-6","Diphenyl isophthalate"
"C7487947",20811,"7487-94-7","Mercuric chloride"
"C75127",25337,"75-12-7","Formamide"
"C75330755",20784,"75330-75-5","Lovastatin"
"C753731",27304,"753-73-1","Dimethyltin dichloride"
"C7540514",41550,"7540-51-4","(S)-(-)-beta-Citronellol"
"C754916",38939,"754-91-6","PFOSA"
"C75503",26238,"75-50-3","Trimethylamine"
"C75605",20508,"75-60-5","Dimethylarsinic acid"
"C75649",24681,"75-64-9","tert-Butylamine"
"C756796",20494,"756-79-6","Dimethyl methylphosphonate"
"C75865",25427,"75-86-5","2-Hydroxy-2-methylpropanenitrile"
"C75990",21575,"75-99-0","Dalapon"
"C759944",24091,"759-94-4","EPTC"
"C760236",22113,"760-23-6","3,4-Dichloro-1-butene"
"C76039",21378,"76-03-9","Trichloroacetic acid"
"C762049",41861,"762-04-9","Diethyl phosphite"
"C7631869",29677,"7631-86-9","Silica"
"C7632000",20941,"7632-00-0","Sodium nitrite"
"C76448",20679,"76-44-8","Heptachlor"
"C76493",41675,"76-49-3","Bornyl acetate"
"C76578148",23889,"76578-14-8","Quizalofop-ethyl"
"C7659861",27656,"7659-86-1","2-Ethylhexyl sulfanylacetate"
"C7664382",24263,"7664-38-2","Phosphoric acid"
"C76738620",24242,"76738-62-0","Paclobutrazol"
"C7681767",45400,"7681-76-7","Ronidazole"
"C7681825",41125,"7681-82-5","Sodium iodide"
"C76879",21409,"76-87-9","Triphenyltin hydroxide"
"C7696120",32649,"7696-12-0","Tetramethrin"
"C769926",48181,"769-92-6","4-tert-Butylaniline"
"C770354",27312,"770-35-4","1-Phenoxy-2-propanol"
"C77065",20656,"77-06-5","Gibberellic acid"
"C77098",21125,"77-09-8","Phenolphthalein"
"C77407",22442,"77-40-7","Bisphenol B"
"C7747355",29289,"7747-35-5","5-Ethyl-1-aza-3,7-dioxabicyclo[3.3.0]octane"
"C77474",20688,"77-47-4","Hexachlorocyclopentadiene"
"C77485",35341,"77-48-5","1,3-Dibromo-5,5-dimethylhydantoin"
"C77501634",24160,"77501-63-4","Lactofen"
"C7757791",29692,"7757-79-1","Potassium nitrate"
"C7758192",21272,"7758-19-2","Sodium chlorite"
"C77714",21754,"77-71-4","5,5-Dimethylhydantoin"
"C7773060",23875,"7773-06-0","Ammonium sulfamate"
"C77736",25023,"77-73-6","Dicyclopentadiene"
"C7775271",29698,"7775-27-1","Sodium persulfate"
"C77781",24055,"77-78-1","Dimethyl sulfate"
"C7779273",32511,"7779-27-3","1,3,5-Triethylhexahydro-s-triazine"
"C77838",20591,"77-83-8","Ethyl methylphenylglycidate"
"C7785264",29290,"7785-26-4","(-)-alpha-Pinene"
"C77861",23723,"77-86-1","Tromethamine"
"C7786347",32683,"7786-34-7","Mevinphos"
"C77894",44576,"77-89-4","Acetyltriethyl citrate"
"C77907",26446,"77-90-7","Acetyl tributyl citrate"
"C77929",20332,"77-92-9","Citric acid"
"C77930",40701,"77-93-0","Triethyl citrate"
"C78079",41962,"78-07-9","Ethyltriethoxysilane"
"C78115",23430,"78-11-5","Pentaerythritol tetranitrate"
"C78400",26228,"78-40-0","Triethyl phosphate"
"C78422",21414,"78-42-2","Tris(2-ethylhexyl) phosphate"
"C78473719",48183,"78473-71-9","Enterolactone"
"C78488",24174,"78-48-8","Tribufos"
"C78491028",29559,"78491-02-8","Diazolidinyl urea"
"C78513",21758,"78-51-3","Tris(2-butoxyethyl) phosphate"
"C78587050",24299,"78587-05-0","Hexythiazox"
"C78591",20759,"78-59-1","Isophorone"
"C78637",25110,"78-63-7","2,5-Dimethyl-2,5-di-(tert-butylperoxy)hexane"
"C78693",29110,"78-69-3","3,7-Dimethyl-3-octanol"
"C78706",25502,"78-70-6","Linalool"
"C78820",26461,"78-82-0","2-Methylpropanenitrile"
"C789026",22345,"789-02-6","o,p'-DDT"
"C78966",21764,"78-96-6","1-Amino-2-propanol"
"C79061",20027,"79-06-1","Acrylamide"
"C79098207",48206,"79098-20-7","4-Chloropentylbenzene"
"C79141",25363,"79-14-1","Glycolic acid"
"C79163",47167,"79-16-3","N-Methylacetamide"
"C79241466",34855,"79241-46-6","Fluazifop-P-butyl"
"C79243",20969,"79-24-3","Nitroethane"
"C79277273",24124,"79277-27-3","Thifensulfuron-methyl"
"C79390",29600,"79-39-0","Methacrylamide"
"C79436",20428,"79-43-6","Dichloroacetic acid"
"C79447",20512,"79-44-7","Dimethylcarbamoyl chloride"
"C79538322",32577,"79538-32-2","Tefluthrin"
"C79572",34260,"79-57-2","Oxytetracycline"
"C79622596",32551,"79622-59-6","Fluazinam"
"C797637",36496,"797-63-7","Norgestrel"
"C79902639",23581,"79902-63-9","Simvastatin"
"C79925",26488,"79-92-5","2,2-Dimethyl-3-methylenebicyclo[2.2.1]heptane"
"C79947",26081,"79-94-7","3,3',5,5'-Tetrabromobisphenol A"
"C79958",21770,"79-95-8","2,2',6,6'-Tetrachlorobisphenol A"
"C79983714",34653,"79983-71-4","Hexaconazole"
"C8000348",44175,"8000-34-8","Clove leaf oil"
"C8000417",40775,"8000-41-7","Terpineol"
"C8001545",34317,"8001-54-5","Benzalkonium chloride"
"C8004920",41721,"8004-92-0","C.I. Acid Yellow 3 disodium salt"
"C80057",20182,"80-05-7","Bisphenol A"
"C8006904",21113,"8006-90-4","Peppermint oil"
"C8007703",24528,"8007-70-3","Anise oil"
"C80079",24986,"80-07-9","4,4'-Dichlorodiphenyl sulfone"
"C80080",20371,"80-08-0","Dapsone"
"C80091",22409,"80-09-1","4,4'-Sulfonyldiphenol"
"C80159",24869,"80-15-9","Cumene hydroperoxide"
"C8018017",34695,"8018-01-7","Mancozeb"
"C80262",26496,"80-26-2","alpha-Terpinyl acetate"
"C80273",44833,"80-27-3","Terpinyl propionate"
"C80433",25017,"80-43-3","Dicumyl peroxide"
"C80466",21771,"80-46-6","4-(2-Methylbutan-2-yl)phenol"
"C80546",26500,"80-54-6","3-(4-tert-Butylphenyl)-2-methylpropanal"
"C80568",26501,"80-56-8","alpha-Pinene"
"C80844071",32610,"80844-07-1","Etofenprox"
"C81072",21251,"81-07-2","Saccharin"
"C81131706",47525,"81131-70-6","Pravastatin sodium"
"C81334341",34665,"81334-34-1","Imazapyr"
"C81335377",24152,"81335-37-7","Imazaquin"
"C81335775",24287,"81335-77-5","Imazethapyr"
"C81405858",32412,"81405-85-8","Imazmethabenz"
"C81406373",34303,"81406-37-3","Fluroxypyr-meptyl"
"C81741288",34997,"81741-28-8","Tributyltetradecylphosphonium chloride"
"C81777891",32355,"81777-89-1","Clomazone"
"C81812",23742,"81-81-2","Warfarin"
"C818611",22123,"818-61-1","2-Hydroxyethyl acrylate"
"C81889",42369,"81-88-9","Rhodamine B"
"C81903",22439,"81-90-3","Phenolphthalin"
"C822060",24143,"822-06-0","1,6-Diisocyanatohexane"
"C82385420",21992,"82385-42-0","Sodium saccharin hydrate"
"C824395",35616,"824-39-5","Sodium 2-nitrophenolate"
"C82469792",47535,"82469-79-2","Butyryl trihexyl citrate"
"C824782",27320,"824-78-2","Sodium 4-nitrophenolate"
"C82558507",24159,"82558-50-7","Isoxaben"
"C825643570",48513,"825643-57-0","PharmaGSID_48513"
"C82640048",34181,"82640-04-8","Raloxifene hydrochloride"
"C82657043",20160,"82657-04-3","Bifenthrin"
"C826620",47456,"826-62-0","3a,4,7,7a-Tetrahydro-4,7-methanoisobenzofuran-1,3-dione"
"C82688",21105,"82-68-8","Pentachloronitrobenzene"
"C827190",44578,"827-19-0","Sodium 2,5-dimethylbenzenesulfonate"
"C827214",41639,"827-21-4","Benzenesulfonic acid, 2,4-dimethyl-, sodium salt"
"C828002",20480,"828-00-2","Dimethoxane"
"C83329",21774,"83-32-9","Acenaphthene"
"C83410",25132,"83-41-0","1,2-Dimethyl-3-nitrobenzene"
"C834128",23869,"834-12-8","Ametryn"
"C83657243",40363,"83657-24-3","Diniconazole"
"C83670",26132,"83-67-0","Theobromine"
"C83794",21248,"83-79-4","Rotenone"
"C83834597",47205,"83834-59-7","2-Ethylhexyl trans-4-methoxycinnamate"
"C83885",21777,"83-88-5","Riboflavin"
"C838857",48207,"838-85-7","Diphenyl phosphate"
"C838880",20867,"838-88-0","4,4'-Methylenebis(2-methylaniline)"
"C84087014",32641,"84087-01-4","Quinclorac"
"C84162",22381,"84-16-2","meso-Hexestrol"
"C842079",21135,"842-07-9","C.I. Solvent Yellow 14"
"C84371653",23322,"84371-65-3","Mifepristone"
"C84617",25021,"84-61-7","Dicyclohexyl phthalate"
"C84662",21780,"84-66-2","Diethyl phthalate"
"C84695",22522,"84-69-5","Diisobutyl phthalate"
"C84742",21781,"84-74-2","Dibutyl phthalate"
"C84753",25068,"84-75-3","Dihexyl phthalate"
"C84852153",29055,"84852-15-3","4-Nonylphenol, branched"
"C85018",24254,"85-01-8","Phenanthrene"
"C851916422",47335,"851916-42-2","MK-812"
"C85264331",32513,"85264-33-1","(3,5-Dimethyl-1H-pyrazol-1-yl)methanol"
"C85405",26513,"85-40-5","1,2,3,6-Tetrahydrophthalimide"
"C85416",26514,"85-41-6","Phthalimide"
"C85507795",29565,"85507-79-5","Phthalic acid, diundecyl ester, branched and linear"
"C85509199",24235,"85509-19-9","Flusilazole"
"C85532758",41097,"85532-75-8","PK 11195"
"C85687",20205,"85-68-7","Butyl benzyl phthalate"
"C860220",20190,"860-22-0","C.I. Acid Blue 74"
"C862243296",47375,"862243-29-6","AVE9423"
"C86306",21030,"86-30-6","N-Nitrosodiphenylamine"
"C86386734",20627,"86386-73-4","Fluconazole"
"C864283487",47312,"864283-48-7","GSK232420A"
"C86479063",32620,"86479-06-3","Hexaflumuron"
"C86500",20122,"86-50-0","Azinphos-methyl"
"C86737",24105,"86-73-7","Fluorene"
"C86873",20915,"86-87-3","1-Naphthaleneacetic acid"
"C868859",20493,"868-85-9","Dimethyl hydrogen phosphite"
"C87014",41422,"87-01-4","7-(Dimethylamino)-4-methylcoumarin"
"C87183",37745,"87-18-3","4-tert-Butylphenyl salicylate"
"C87241",40711,"87-24-1","Ethyl 2-methylbenzoate"
"C872504",20856,"872-50-4","N-Methyl-2-pyrrolidone"
"C87252",25272,"87-25-2","Ethyl anthranilate"
"C87392129",32431,"87392-12-9","S-Metolachlor"
"C87546187",32554,"87546-18-7","Flumiclorac-pentyl"
"C87616",26193,"87-61-6","1,2,3-Trichlorobenzene"
"C87627",26307,"87-62-7","2,6-Dimethylaniline"
"C87674688",32376,"87674-68-8","Dimethenamid"
"C87683",20683,"87-68-3","Hexachloro-1,3-butadiene"
"C87694",23632,"87-69-4","L-Tartaric acid"
"C877247",42167,"877-24-7","Monopotassium phthalate"
"C87818313",34456,"87818-31-3","Cinmethylin"
"C87820880",34973,"87820-88-0","Tralkoxydim"
"C87865",21106,"87-86-5","Pentachlorophenol"
"C87901",26523,"87-90-1","Symclosene"
"C88040",32316,"88-04-0","4-Chloro-3,5-dimethylphenol"
"C88062",21386,"88-06-2","2,4,6-Trichlorophenol"
"C88120",21440,"88-12-0","N-Vinyl-2-pyrrolidone"
"C88186",26525,"88-18-6","2-tert-Butylphenol"
"C88244",38864,"88-24-4","2,2'-Methylenebis(ethyl-6-tert-butylphenol)"
"C88302",21788,"88-30-2","3-Trifluoromethyl-4-nitrophenol"
"C88415",36105,"88-41-5","2-tert-Butylcyclohexyl acetate"
"C88584",41248,"88-58-4","2,5-Di-tert-butylbenzene-1,4-diol"
"C88608",26529,"88-60-8","2-tert-Butyl-5-methylphenol"
"C88671890",24315,"88671-89-0","Myclobutanil"
"C88697",44391,"88-69-7","2-Isopropylphenol"
"C88722",25791,"88-72-2","2-Nitrotoluene"
"C88744",25726,"88-74-4","2-Nitroaniline"
"C88755",21790,"88-75-5","2-Nitrophenol"
"C88857",20207,"88-85-7","Dinoseb"
"C89043",47533,"89-04-3","Trioctyl trimellitate"
"C89714",48208,"89-71-4","Methyl 2-methylbenzoate"
"C89725",22331,"89-72-5","2-(Butan-2-yl)phenol"
"C89781",20805,"89-78-1","dl-Menthol"
"C89838",34972,"89-83-8","Thymol"
"C89872",25135,"89-87-2","1,3-Dimethyl-4-nitrobenzene"
"C90006",22479,"90-00-6","2-Ethylphenol"
"C90028",21792,"90-02-8","Salicylaldehyde"
"C9003116",47597,"9003-11-6","Pluronic F-127"
"C90040",23877,"90-04-0","2-Anisidine"
"C9004824",29298,"9004-82-4","Sodium lauryl polyoxyethylene ether sulfate"
"C9004960",27713,"9004-96-0","Polyoxyethylene monoleate"
"C90051",23113,"90-05-1","2-Methoxyphenol"
"C9005656",21175,"9005-65-6","Polysorbate 80"
"C90120",20877,"90-12-0","1-Methylnaphthalene"
"C90153",21793,"90-15-3","1-Naphthol"
"C9016006",23833,"9016-00-6","Polydimethylsiloxane"
"C9016879",47473,"9016-87-9","Isocyanic acid, polymethylenepolyphenylene ester"
"C90302",25892,"90-30-2","N-Phenyl-1-naphthylamine"
"C90357065",22678,"90357-06-5","Bicalutamide"
"C90437",21151,"90-43-7","2-Phenylphenol"
"C90722",26548,"90-72-2","2,4,6-Tris(dimethylaminomethyl)phenol"
"C90823384",34361,"90823-38-4","Denatonium saccharide"
"C90948",20894,"90-94-8","Michler's ketone"
"C91082176",47526,"91082-17-6","C10-21 sulfonic acids phenyl esters"
"C91203",20913,"91-20-3","Naphthalene"
"C91225",21798,"91-22-5","Quinoline"
"C91465086",32559,"91465-08-6","lambda-Cyhalothrin"
"C91532",20582,"91-53-2","Ethoxyquin"
"C91598",20921,"91-59-8","2-Naphthylamine"
"C91623",20887,"91-62-3","6-Methylquinoline"
"C91645",20348,"91-64-5","Coumarin"
"C91667",21800,"91-66-7","N,N-Diethylaniline"
"C919302",27333,"919-30-2","3-Aminopropyltriethoxysilane"
"C92046",22353,"92-04-6","2-Chloro-4-phenylphenol"
"C924163",21026,"924-16-3","N-Nitrosodibutylamine"
"C92524",20161,"92-52-4","Biphenyl"
"C92682",40721,"92-68-2","4-Cyclohexylcyclohexanone"
"C92693",21152,"92-69-3","4-Phenylphenol"
"C92842",21126,"92-84-2","Phenothiazine"
"C92875",20137,"92-87-5","Benzidine"
"C928961",22137,"928-96-1","(Z)-3-Hexen-1-ol"
"C929599",44742,"929-59-9","2,2'-[Ethane-1,2-diylbis(oxy)]diethanamine"
"C929601092",47360,"929601-09-2","SR58611"
"C930552",21062,"930-55-2","N-Nitrosopyrrolidine"
"C93083",41389,"93-08-3","2'-Acetonaphthone"
"C93152",25607,"93-15-2","Methyleugenol"
"C93561",42422,"93-56-1","Styrene glycol"
"C93652",24194,"93-65-2","Mecoprop"
"C93765",21388,"93-76-5","2,4,5-Trichlorophenoxyacetic acid"
"C938169",48209,"938-16-9","tert-Butyl phenyl ketone"
"C93890",38696,"93-89-0","Ethyl benzoate"
"C93925",41636,"93-92-5","Benzenemethanol, alpha-methyl-, acetate"
"C93992",48210,"93-99-2","Phenyl benzoate"
"C94086",48211,"94-08-6","Ethyl 4-methylbenzoate"
"C94097",21804,"94-09-7","Benzocaine"
"C94133",22527,"94-13-3","Propylparaben"
"C941695",41274,"941-69-5","1-Phenyl-1H-pyrrole-2,5-dione"
"C94188",22526,"94-18-8","Benzylparaben"
"C94268",20209,"94-26-8","Butylparaben"
"C94280",26564,"94-28-0","Triethylene glycol bis(2-ethylhexanoate)"
"C94361065",32601,"94361-06-5","Cyproconazole"
"C94462",47185,"94-46-2","Isopentyl benzoate"
"C94473",47590,"94-47-3","2-Phenylethyl benzoate"
"C94597",21254,"94-59-7","Safrole"
"C94600",26566,"94-60-0","Dimethyl hexahydroterephthalate"
"C94713",42276,"94-71-3","2-Ethoxyphenol"
"C94746",24195,"94-74-6","MCPA"
"C94757",20442,"94-75-7","2,4-Dichlorophenoxyacetic acid"
"C94804",20443,"94-80-4","2,4-D 1-butyl ester "
"C94815",24193,"94-81-5","MCPB"
"C94826",24035,"94-82-6","2,4-DB"
"C94917",41200,"94-91-7","N,N'-Disalicylidene-1,2-diaminopropane"
"C94962",25292,"94-96-2","2-Ethyl-1,3-hexanediol"
"C950378",20819,"950-37-8","Methidathion"
"C95136",42052,"95-13-6","Indene"
"C95147",20147,"95-14-7","1,2,3-Benzotriazole"
"C95169",24586,"95-16-9","Benzothiazole"
"C95266403",32535,"95266-40-3","Trinexapac-ethyl"
"C95385",36112,"95-38-5","1H-Imidazole-1-ethanol, 2-(8-heptadecenyl)-4,5-dihydro-"
"C95487",21808,"95-48-7","o-Cresol"
"C95498",23977,"95-49-8","2-Chlorotoluene"
"C95501",20430,"95-50-1","1,2-Dichlorobenzene"
"C95534",26164,"95-53-4","2-Methylaniline"
"C95545",25881,"95-54-5","1,2-Phenylenediamine"
"C95578",21544,"95-57-8","2-Chlorophenol"
"C95636",21402,"95-63-6","1,2,4-Trimethylbenzene"
"C95658",24062,"95-65-8","3,4-Dimethylphenol"
"C95737681",32640,"95737-68-1","Pyriproxyfen"
"C95749",20286,"95-74-9","3-Chloro-4-methylaniline"
"C957517",24072,"957-51-7","Diphenamid"
"C95761",21815,"95-76-1","3,4-Dichloroaniline"
"C95807",20402,"95-80-7","2,4-Diaminotoluene"
"C95830",20283,"95-83-0","4-Chloro-1,2-diaminobenzene"
"C95874",25145,"95-87-4","2,5-Dimethylphenol"
"C95932",29124,"95-93-2","1,2,4,5-Tetramethylbenzene"
"C95943",24320,"95-94-3","1,2,4,5-Tetrachlorobenzene"
"C95954",24359,"95-95-4","2,4,5-Trichlorophenol"
"C959988",37539,"959-98-8","Endosulfan I"
"C960714",27345,"960-71-4","Triphenylborane"
"C96093",21286,"96-09-3","Styrene oxide"
"C96182535",32482,"96182-53-5","Tebupirimfos"
"C96184",21390,"96-18-4","1,2,3-Trichloropropane"
"C96231",25010,"96-23-1","1,3-Dichloro-2-propanol"
"C96242",20664,"96-24-2","3-Chloro-1,2-propanediol"
"C962583",37523,"962-58-3","Diazoxon"
"C96297",21821,"96-29-7","2-Butanone oxime"
"C96413",33371,"96-41-3","Cyclopentanol"
"C96457",20601,"96-45-7","Ethylene thiourea"
"C96480",20224,"96-48-0","4-Butyrolactone"
"C96489713",32573,"96489-71-3","Pyridaben"
"C96708",44581,"96-70-8","2-tert-Butyl-4-ethylphenol"
"C96764",26602,"96-76-4","2,4-Di-tert-butylphenol"
"C96833",23159,"96-83-3","Iopanoic acid"
"C97007",20278,"97-00-7","1-Chloro-2,4-dinitrobenzene"
"C97234",21824,"97-23-4","Dichlorophen"
"C97322877",23719,"97322-87-7","Troglitazone"
"C97529",38700,"97-52-9","2-Methoxy-4-nitroaniline"
"C97530",20617,"97-53-0","Eugenol"
"C97541",22413,"97-54-1","Isoeugenol"
"C97563",20069,"97-56-3","2-Amino-5-azotoluene"
"C97596",20043,"97-59-6","Allantoin"
"C97778",21322,"97-77-8","Disulfiram"
"C97789",42011,"97-78-9","N-Dodecanoyl-N-methylglycine"
"C97886458",32379,"97886-45-8","Dithiopyr"
"C97994",29128,"97-99-4","Tetrahydrofurfuryl alcohol"
"C98000",25347,"98-00-0","Furfuryl alcohol"
"C98011",20647,"98-01-1","Furfural"
"C98066",47138,"98-06-6","tert-Butylbenzene"
"C98077",20148,"98-07-7","Benzotrichloride"
"C98319267",20625,"98319-26-7","Finasteride"
"C98511",24704,"98-51-1","4-tert-Butyltoluene"
"C98522",26623,"98-52-2","4-tert-Butylcyclohexanol"
"C98533",44394,"98-53-3","4-tert-Butylcyclohexanone"
"C98544",20221,"98-54-4","4-tert-Butylphenol"
"C98566",24821,"98-56-6","1-Chloro-4-(trifluoromethyl)benzene"
"C98730042",29572,"98730-04-2","Benoxacor"
"C98862",21828,"98-86-2","Acetophenone"
"C98873",25014,"98-87-3","Benzal chloride"
"C98886443",34930,"98886-44-3","Fosthiazate"
"C98920",20929,"98-92-0","Niacinamide"
"C989388",21243,"989-38-8","Rhodamine 6G"
"C98953",20964,"98-95-3","Nitrobenzene"
"C98967409",32615,"98967-40-9","Flumetsulam"
"C99070",25101,"99-07-0","3-Dimethylaminophenol"
"C99081",21831,"99-08-1","3-Nitrotoluene"
"C99309",20426,"99-30-9","Dicloran"
"C99514",25133,"99-51-4","1,2-Dimethyl-4-nitrobenzene"
"C99547",24999,"99-54-7","3,4-Dichloronitrobenzene"
"C99558",20959,"99-55-8","2-Methyl-5-nitroaniline"
"C99592",20943,"99-59-2","2-Methoxy-5-nitroaniline"
"C99607702",41794,"99607-70-2","Cloquintocet-mexyl"
"C99627",26640,"99-62-7","1,3-Diisopropylbenzene"
"C99638",26641,"99-63-8","1,3-Benzenedicarbonyl dichloride"
"C99650",24065,"99-65-0","1,3-Dinitrobenzene"
"C99661",23733,"99-66-1","Valproic acid"
"C99718",22332,"99-71-8","4-(Butan-2-yl)phenol"
"C99763",22529,"99-76-3","Methylparaben"
"C99854",41210,"99-85-4","gamma-Terpinene"
"C99865",41237,"99-86-5","alpha-Terpinene"
"C99876",26645,"99-87-6","p-Cymene"
"C99898",42299,"99-89-8","4-Isopropylphenol"
"C99934",29133,"99-93-4","4-Hydroxyacetophenone"
"C99967",26647,"99-96-7","4-Hydroxybenzoic acid"
"C99978",21832,"99-97-8","N,N,4-Trimethylaniline"
"C99990",23792,"99-99-0","4-Nitrotoluene"
"C999973",25395,"999-97-3","Hexamethyldisilazane"
"CNOCAS34742",34742,"NOCAS_34742","Milbemectin (mixture of 70% Milbemcin A4, 30% Milbemycin A3)"
"CNOCAS47248",47248,"NOCAS_47248","CI-1018"
"CNOCAS47255",47255,"NOCAS_47255","CP-465394"
"CNOCAS47265",47265,"NOCAS_47265","CP-471358"
"CNOCAS47267",47267,"NOCAS_47267","CP-642931"
"CNOCAS47291",47291,"NOCAS_47291","CI-1044"
"CNOCAS47292",47292,"NOCAS_47292","PD 0200347"
"CNOCAS47299",47299,"NOCAS_47299","CP-422935"
"CNOCAS47305",47305,"NOCAS_47305","CP-608039"
"CNOCAS47311",47311,"NOCAS_47311","GSK163929B"
"CNOCAS47325",47325,"NOCAS_47325","SB413217A"
"CNOCAS47328",47328,"NOCAS_47328","MK-274"
"CNOCAS47330",47330,"NOCAS_47330","PharmaGSID_47330"
"CNOCAS47333",47333,"NOCAS_47333","PharmaGSID_47333"
"CNOCAS47334",47334,"NOCAS_47334","MK-968"
"CNOCAS47342",47342,"NOCAS_47342","SR125047"
"CNOCAS47346",47346,"NOCAS_47346","SSR162369"
"CNOCAS47349",47349,"NOCAS_47349","AVE8488"
"CNOCAS47351",47351,"NOCAS_47351","SSR240612"
"CNOCAS47353",47353,"NOCAS_47353","SSR241586"
"CNOCAS47362",47362,"NOCAS_47362","SSR150106"
"CNOCAS47364",47364,"NOCAS_47364","SSR103800"
"CNOCAS47366",47366,"NOCAS_47366","SAR115740"
"CNOCAS47374",47374,"NOCAS_47374","SSR161421"
"CNOCAS47377",47377,"NOCAS_47377","AVE6324"
"CNOCAS47379",47379,"NOCAS_47379","SSR126768"
"CNOCAS47381",47381,"NOCAS_47381","AVE8923"
"CNOCAS47383",47383,"NOCAS_47383","AVE3247"
"CNOCAS47385",47385,"NOCAS_47385","SAR377142"
"CNOCAS47387",47387,"NOCAS_47387","SAR102779"
"CNOCAS47389",47389,"NOCAS_47389","SAR150640"
"CNOCAS47708",47708,"NOCAS_47708","Igepal CO-890"
"CNOCAS47796",47796,"NOCAS_47796","Formalin"
"CNOCAS48172",48172,"NOCAS_48172","PharmaGSID_48172"
"CNOCAS48176",48176,"NOCAS_48176","YM218"
"CNOCAS48505",48505,"NOCAS_48505","PharmaGSID_48505"
"CNOCAS48507",48507,"NOCAS_48507","PharmaGSID_48507"
"CNOCAS48509",48509,"NOCAS_48509","PharmaGSID_48509"
"CNOCAS48514",48514,"NOCAS_48514","PharmaGSID_48514"
"CNOCAS48516",48516,"NOCAS_48516","PharmaGSID_48516"
"CNOCAS48518",48518,"NOCAS_48518","PharmaGSID_48518"
"CNOCAS48522",48522,"NOCAS_48522","HMR1171 trifluoroacetate (1:1)"
